Date,g[mm],sat[mm]
2004-05-01,0.0,0.0
2004-05-02,0.0,0.0
2004-05-03,0.0,0.0
2004-05-04,0.0,0.0
2004-05-05,0.0,0.0
2004-05-06,0.0,0.0
2004-05-07,0.0,0.0
2004-05-08,0.0,0.0
2004-05-09,0.0,0.0
2004-05-10,0.0,0.0
2004-05-11,0.0,0.0
2004-05-12,0.0,0.0
2004-05-13,0.0,0.0
2004-05-14,0.0,0.0
2004-05-15,0.0,0.0
2004-05-16,0.0,0.0
2004-05-17,0.0,0.0
2004-05-18,0.0,0.0
2004-05-19,0.0,0.0
2004-05-20,0.0,0.0
2004-05-21,0.0,0.0
2004-05-22,0.0,0.0
2004-05-23,0.0,0.0
2004-05-24,0.0,0.0
2004-05-25,0.0,0.0
2004-05-26,0.0,0.0
2004-05-27,0.0,0.0
2004-05-28,0.0,0.0
2004-05-29,0.0,0.0
2004-05-30,0.0,0.0
2004-05-31,0.0,0.0
2004-06-01,0.0,0.18444444073571095
2004-06-02,0.0,0.2522222465938992
2004-06-03,0.0,0.0
2004-06-04,0.0,0.0
2004-06-05,0.0,0.0
2004-06-06,3.0,0.02555555601914724
2004-06-07,0.0,0.7200000021192763
2004-06-08,0.0,1.1466666327582464
2004-06-09,0.0,0.0
2004-06-10,0.0,0.0
2004-06-11,0.0,0.03111111124356588
2004-06-12,0.0,0.0
2004-06-13,0.0,0.034444444709353976
2004-06-14,2.0,0.0
2004-06-15,0.0,0.0
2004-06-16,0.0,0.22000000211927626
2004-06-17,0.0,0.0
2004-06-18,0.0,0.0
2004-06-19,3.0,0.18333331743876136
2004-06-20,22.0,0.00444444434510337
2004-06-21,0.0,0.23333332273695204
2004-06-22,0.0,0.0
2004-06-23,0.0,0.0
2004-06-24,13.0,15.537779066297743
2004-06-25,0.0,0.3233333428700765
2004-06-26,7.0,0.3922221925523546
2004-06-27,0.0,0.0
2004-06-28,0.0,0.0
2004-06-29,0.0,2.2244444953070746
2004-06-30,0.0,0.029999997880723737
2004-07-01,0.0,0.0
2004-07-02,0.0,0.07444443967607288
2004-07-03,0.0,0.5966666539510092
2004-07-04,4.0,0.0
2004-07-05,0.0,10.402222527398003
2004-07-06,0.0,0.0
2004-07-07,0.0,0.41111111640930176
2004-07-08,0.0,0.0
2004-07-09,8.0,5.2422218322753915
2004-07-10,0.0,1.7388888465033636
2004-07-11,0.0,0.14777778254614934
2004-07-12,0.0,0.08666667011049059
2004-07-13,14.0,4.6377775404188375
2004-07-14,0.0,0.8322221967909071
2004-07-15,0.0,0.0
2004-07-16,0.0,0.0
2004-07-17,0.0,1.058888859219021
2004-07-18,0.0,0.01333333220746782
2004-07-19,0.0,0.0
2004-07-20,22.0,0.22000000211927626
2004-07-21,0.0,10.422222561306425
2004-07-22,0.0,0.4922222561306424
2004-07-23,0.0,4.5200000339084205
2004-07-24,0.0,1.1955555809868708
2004-07-25,0.0,0.014444443914625382
2004-07-26,0.0,2.5766667260064016
2004-07-27,5.0,0.7855555746290419
2004-07-28,0.0,2.167777803209093
2004-07-29,0.0,1.537777794731988
2004-07-30,0.0,0.15555555290646025
2004-07-31,2.0,0.20666666825612387
2004-08-01,0.0,0.0
2004-08-02,0.0,2.4911111195882163
2004-08-03,0.0,0.6866667005750868
2004-08-04,0.0,0.1177777846654256
2004-08-05,7.0,0.0
2004-08-06,2.0,4.7422218322753915
2004-08-07,0.0,0.014444443914625382
2004-08-08,0.0,0.0
2004-08-09,0.0,0.0
2004-08-10,0.0,0.034444448020723134
2004-08-11,10.0,5.571111043294271
2004-08-12,0.0,1.4488887786865234
2004-08-13,0.0,0.0200000007947286
2004-08-14,0.0,0.3877777788374159
2004-08-15,0.0,0.03777777486377292
2004-08-16,31.0,17.126666598849827
2004-08-17,0.0,0.006666666517655055
2004-08-18,3.0,0.2555555767483181
2004-08-19,0.0,1.1511110729641385
2004-08-20,0.0,1.0366666581895616
2004-08-21,0.0,0.5977777904934354
2004-08-22,0.0,5.680000305175781
2004-08-23,1.0,4.158888922797309
2004-08-24,0.0,1.2555555767483182
2004-08-25,0.0,0.7377777629428439
2004-08-26,0.0,3.245555665757921
2004-08-27,0.0,1.8233333163791232
2004-08-28,0.0,2.3411110772026906
2004-08-29,0.0,0.02555555436346266
2004-08-30,0.0,0.030000001192092892
2004-08-31,0.0,0.3600000275505913
2004-09-01,0.0,0.0
2004-09-02,0.0,0.4433333079020183
2004-09-03,0.0,0.0033333332588275275
2004-09-04,4.0,0.11000000105963813
2004-09-05,0.0,0.05777777565850153
2004-09-06,0.0,1.5166666242811415
2004-09-07,0.0,0.0011111110862758423
2004-09-08,0.0,0.14777776930067274
2004-09-09,0.0,0.08333332671059503
2004-09-10,0.0,0.0
2004-09-11,0.0,0.0
2004-09-12,0.0,0.03777777817514208
2004-09-13,0.0,0.02333333260483212
2004-09-14,0.0,0.0
2004-09-15,0.0,0.023333334260516696
2004-09-16,0.0,0.0
2004-09-17,0.0,0.0
2004-09-18,2.0,0.0
2004-09-19,0.0,0.3711110750834147
2004-09-20,0.0,0.0011111110862758423
2004-09-21,0.0,3.5611114501953125
2004-09-22,0.0,0.06222222910987006
2004-09-23,0.0,0.07222222619586521
2004-09-24,0.0,0.0
2004-09-25,0.0,0.8377778265211318
2004-09-26,0.0,0.0
2004-09-27,0.0,0.0
2004-09-28,0.0,0.0
2004-09-29,0.0,0.0
2004-09-30,0.0,0.0
2004-10-01,0.0,4.082222408718533
2004-10-02,0.0,0.0
2004-10-03,0.0,0.0
2004-10-04,0.0,0.0
2004-10-05,0.0,2.1611111958821616
2004-10-06,0.0,3.0422221289740667
2004-10-07,0.0,0.0
2004-10-08,0.0,0.0
2004-10-09,0.0,0.0
2004-10-10,0.0,0.0
2004-10-11,0.0,0.0
2004-10-12,0.0,0.0
2004-10-13,0.0,0.0
2004-10-14,0.0,0.0
2004-10-15,0.0,0.0
2004-10-16,0.0,0.0
2004-10-17,0.0,0.0
2004-10-18,0.0,0.0
2004-10-19,0.0,0.0
2004-10-20,0.0,0.0
2004-10-21,0.0,0.0
2004-10-22,0.0,0.0
2004-10-23,0.0,0.0
2004-10-24,0.0,0.0
2004-10-25,0.0,0.0
2004-10-26,0.0,0.0
2004-10-27,0.0,0.0
2004-10-28,0.0,0.0
2004-10-29,0.0,0.0
2004-10-30,0.0,0.0
2004-10-31,0.0,0.0
2004-11-01,0.0,0.0
2004-11-02,0.0,0.0
2004-11-03,0.0,0.0
2004-11-04,0.0,0.0
2004-11-05,0.0,0.0
2004-11-06,0.0,0.0
2004-11-07,0.0,0.0
2004-11-08,0.0,0.0
2004-11-09,0.0,0.0
2004-11-10,0.0,0.0
2004-11-11,0.0,0.0
2004-11-12,0.0,0.0
2004-11-13,0.0,0.0
2004-11-14,0.0,0.0
2004-11-15,0.0,0.0
2004-11-16,0.0,0.0
2004-11-17,0.0,0.0
2004-11-18,0.0,0.0
2004-11-19,0.0,0.0
2004-11-20,0.0,0.0
2004-11-21,0.0,0.0
2004-11-22,0.0,0.0
2004-11-23,0.0,0.0
2004-11-24,0.0,0.0
2004-11-25,0.0,0.0
2004-11-26,0.0,0.0
2004-11-27,0.0,0.0
2004-11-28,0.0,0.0
2004-11-29,0.0,0.0
2004-11-30,0.0,0.0
2004-12-01,0.0,0.0
2004-12-02,0.0,0.0
2004-12-03,0.0,0.0
2004-12-04,0.0,0.0
2004-12-05,0.0,0.0
2004-12-06,0.0,0.0
2004-12-07,0.0,0.0
2004-12-08,0.0,0.0
2004-12-09,0.0,0.0
2004-12-10,0.0,0.0
2004-12-11,0.0,0.0
2004-12-12,0.0,0.0
2004-12-13,0.0,0.0
2004-12-14,0.0,0.0
2004-12-15,0.0,0.0
2004-12-16,0.0,0.0
2004-12-17,0.0,0.0
2004-12-18,0.0,0.0
2004-12-19,0.0,0.0
2004-12-20,0.0,0.0
2004-12-21,0.0,0.0
2004-12-22,0.0,0.0
2004-12-23,0.0,0.0
2004-12-24,0.0,0.0
2004-12-25,0.0,0.0
2004-12-26,0.0,0.0
2004-12-27,0.0,0.0
2004-12-28,0.0,0.0
2004-12-29,0.0,0.0
2004-12-30,0.0,0.0
2004-12-31,0.0,0.0
2005-05-01,0.0,0.0
2005-05-02,0.0,0.0
2005-05-03,0.0,0.0
2005-05-04,0.0,0.0
2005-05-05,0.0,0.04333333174387614
2005-05-06,13.0,0.0
2005-05-07,0.0,10.911109924316406
2005-05-08,0.0,4.465555826822917
2005-05-09,0.0,0.0
2005-05-10,0.0,0.016666667328940496
2005-05-11,0.0,0.062222215864393436
2005-05-12,0.0,0.01222222215599484
2005-05-13,0.0,0.0
2005-05-14,0.0,0.00555555522441864
2005-05-15,0.0,0.0
2005-05-16,0.0,0.01222222215599484
2005-05-17,0.0,0.0
2005-05-18,0.0,0.0
2005-05-19,0.0,0.0
2005-05-20,0.0,0.0
2005-05-21,0.0,0.0
2005-05-22,0.0,0.0033333332588275275
2005-05-23,0.0,0.0
2005-05-24,0.0,0.012222220500310264
2005-05-25,0.0,0.0
2005-05-26,0.0,0.0033333332588275275
2005-05-27,0.0,0.0
2005-05-28,0.0,0.3355555534362793
2005-05-29,0.0,0.0
2005-05-30,0.0,0.3644444677564833
2005-05-31,0.0,0.0077777769830491795
2005-06-01,0.0,1.2611111534966364
2005-06-02,0.0,2.7511109246148004
2005-06-03,8.0,8.286666870117188
2005-06-04,0.0,9.441111246744793
2005-06-05,0.0,0.2533333036634657
2005-06-06,0.0,0.0
2005-06-07,0.0,0.0
2005-06-08,0.0,0.0
2005-06-09,0.0,0.0
2005-06-10,0.0,0.0
2005-06-11,0.0,0.0
2005-06-12,0.0,0.0
2005-06-13,0.0,0.0
2005-06-14,0.0,0.040000001589457185
2005-06-15,0.0,1.8399999406602647
2005-06-16,0.0,0.0
2005-06-17,0.0,0.0
2005-06-18,0.0,0.0
2005-06-19,57.0,17.805555555555557
2005-06-20,0.0,31.220001220703125
2005-06-21,0.0,0.0
2005-06-22,0.0,0.3011110888587104
2005-06-23,0.0,0.0
2005-06-24,0.0,0.0
2005-06-25,0.0,0.0
2005-06-26,0.0,0.0
2005-06-27,0.0,3.2466668023003478
2005-06-28,7.0,0.7155555619133843
2005-06-29,0.0,24.78000047471788
2005-06-30,0.0,0.7799999978807237
2005-07-01,0.0,7.036666446261936
2005-07-02,0.0,0.07333333624733819
2005-07-03,0.0,0.0
2005-07-04,0.0,0.9155555301242404
2005-07-05,0.0,1.5477778116861982
2005-07-06,26.0,0.9344445334540472
2005-07-07,0.0,3.438888761732313
2005-07-08,4.0,0.6744444635179307
2005-07-09,7.0,0.5977777904934354
2005-07-10,0.0,7.348888821072048
2005-07-11,0.0,0.3822222550710042
2005-07-12,0.0,0.0
2005-07-13,9.0,0.2988888952467177
2005-07-14,0.0,14.41222127278646
2005-07-15,0.0,0.6311110390557183
2005-07-16,10.0,0.0
2005-07-17,0.0,1.3433333502875433
2005-07-18,0.0,0.0
2005-07-19,0.0,0.10888889100816516
2005-07-20,21.0,1.3288889990912542
2005-07-21,0.0,7.47333272298177
2005-07-22,5.0,0.0
2005-07-23,0.0,2.597777896457248
2005-07-24,0.0,0.0200000007947286
2005-07-25,0.0,2.2666666242811413
2005-07-26,0.0,0.0
2005-07-27,0.0,0.0
2005-07-28,0.0,0.0
2005-07-29,0.0,0.5733333163791232
2005-07-30,37.0,0.3599999745686849
2005-07-31,0.0,6.777777353922527
2005-08-01,21.0,1.5977776845296223
2005-08-02,0.0,6.417777167426215
2005-08-03,0.0,0.9522222942776152
2005-08-04,0.0,0.05666667222976685
2005-08-05,0.0,0.034444444709353976
2005-08-06,54.0,0.07555555635028416
2005-08-07,0.0,33.20111083984375
2005-08-08,7.0,5.6088888380262585
2005-08-09,27.0,0.01111111044883728
2005-08-10,0.0,5.1166665818956165
2005-08-11,0.0,1.6788888507419162
2005-08-12,0.0,0.7322221861945258
2005-08-13,0.0,0.00666666610373391
2005-08-14,0.0,0.0
2005-08-15,4.0,0.475555525885688
2005-08-16,0.0,7.878888448079428
2005-08-17,0.0,0.8655555513170029
2005-08-18,0.0,0.7199999491373698
2005-08-19,14.4,0.0
2005-08-20,0.0,7.103333367241754
2005-08-21,0.0,0.0
2005-08-22,6.0,0.12999999523162842
2005-08-23,0.0,12.455555386013456
2005-08-24,0.0,0.045555551846822105
2005-08-25,2.0,0.3855555322435167
2005-08-26,0.0,4.547777387830947
2005-08-27,0.0,0.34888892703586155
2005-08-28,0.0,0.0
2005-08-29,0.0,0.07333332962459987
2005-08-30,0.0,0.2111110952165392
2005-08-31,0.0,0.5533333354526095
2005-09-01,4.0,1.5544444190131292
2005-09-02,0.0,0.2322222391764323
2005-09-03,0.0,0.15222220950656468
2005-09-04,0.0,1.047777811686198
2005-09-05,0.0,2.7633334265814886
2005-09-06,0.0,0.0033333332588275275
2005-09-07,5.0,1.7322222391764324
2005-09-08,0.0,3.442222171359592
2005-09-09,0.0,0.0
2005-09-10,0.0,0.04222222169240316
2005-09-11,0.0,2.4911111195882163
2005-09-12,0.0,1.5711111492580838
2005-09-13,0.0,0.041111114952299334
2005-09-14,0.0,0.0655555526415507
2005-09-15,0.0,0.0
2005-09-16,0.0,4.361111111111111
2005-09-17,9.0,6.4044443766276045
2005-09-18,0.0,0.0
2005-09-19,0.0,0.0
2005-09-20,0.0,0.0
2005-09-21,2.0,0.0
2005-09-22,0.0,1.5322222179836698
2005-09-23,4.0,0.0922222137451172
2005-09-24,0.0,0.0
2005-09-25,0.0,0.0
2005-09-26,37.0,0.0
2005-09-27,0.0,17.788887871636287
2005-09-28,0.0,0.0077777769830491795
2005-09-29,0.0,0.0
2005-09-30,0.0,0.0
2005-10-01,0.0,0.0
2005-10-02,0.0,0.8633332252502441
2005-10-03,0.0,2.0166668362087674
2005-10-04,0.0,0.3144444359673394
2005-10-05,0.0,0.3466666539510091
2005-10-06,0.0,0.0
2005-10-07,0.0,0.0
2005-10-08,0.0,0.0
2005-10-09,0.0,0.0
2005-10-10,0.0,0.0
2005-10-11,0.0,0.23444445927937824
2005-10-12,0.0,0.0
2005-10-13,0.0,0.0
2005-10-14,0.0,0.0
2005-10-15,0.0,0.028888887829250764
2005-10-16,0.0,0.0
2005-10-17,0.0,0.0
2005-10-18,0.0,0.0
2005-10-19,0.0,0.0
2005-10-20,0.0,0.0
2005-10-21,0.0,0.0
2005-10-22,0.0,0.0
2005-10-23,0.0,0.0
2005-10-24,0.0,0.0
2005-10-25,0.0,0.0
2005-10-26,0.0,0.0
2005-10-27,0.0,0.0
2005-10-28,0.0,0.0
2005-10-29,0.0,0.0
2005-10-30,0.0,0.0
2005-10-31,0.0,0.0
2005-11-01,0.0,0.0
2005-11-02,0.0,0.0
2005-11-03,0.0,0.0
2005-11-04,0.0,0.0
2005-11-05,0.0,0.0
2005-11-06,0.0,0.0
2005-11-07,0.0,0.0
2005-11-08,0.0,0.0
2005-11-09,0.0,0.0
2005-11-10,0.0,0.0
2005-11-11,0.0,0.0
2005-11-12,0.0,0.0
2005-11-13,0.0,0.0
2005-11-14,0.0,0.0
2005-11-15,0.0,0.0
2005-11-16,0.0,0.0
2005-11-17,0.0,0.0
2005-11-18,0.0,0.0
2005-11-19,0.0,0.0
2005-11-20,0.0,0.0
2005-11-21,0.0,0.0
2005-11-22,0.0,0.0
2005-11-23,0.0,0.0
2005-11-24,0.0,0.0
2005-11-25,0.0,0.0
2005-11-26,0.0,0.0
2005-11-27,0.0,0.0
2005-11-28,0.0,0.0
2005-11-29,0.0,0.0
2005-11-30,0.0,0.0
2005-12-01,0.0,0.0
2005-12-02,0.0,0.0
2005-12-03,0.0,0.0
2005-12-04,0.0,0.0
2005-12-05,0.0,0.0
2005-12-06,0.0,0.0
2005-12-07,0.0,0.0
2005-12-08,0.0,0.0
2005-12-09,0.0,0.0
2005-12-10,0.0,0.0
2005-12-11,0.0,0.0
2005-12-12,0.0,0.0
2005-12-13,0.0,0.0
2005-12-14,0.0,0.0
2005-12-15,0.0,0.0
2005-12-16,0.0,0.0
2005-12-17,0.0,0.0
2005-12-18,0.0,0.0
2005-12-19,0.0,0.0
2005-12-20,0.0,0.0
2005-12-21,0.0,0.0
2005-12-22,0.0,0.0
2005-12-23,0.0,0.0
2005-12-24,0.0,0.0
2005-12-25,0.0,0.0
2005-12-26,0.0,0.0
2005-12-27,0.0,0.0
2005-12-28,0.0,0.0
2005-12-29,0.0,0.0
2005-12-30,0.0,0.0
2005-12-31,0.0,0.0
2006-05-01,0.0,0.0
2006-05-02,0.0,0.0
2006-05-03,0.0,0.0
2006-05-04,0.0,0.0
2006-05-05,0.0,0.0
2006-05-06,0.0,0.0
2006-05-07,0.0,0.0
2006-05-08,0.0,0.0
2006-05-09,0.0,0.0
2006-05-10,0.0,0.0
2006-05-11,0.0,0.0
2006-05-12,0.0,0.0
2006-05-13,0.0,0.0
2006-05-14,0.0,0.0
2006-05-15,0.0,0.0
2006-05-16,0.0,0.0
2006-05-17,0.0,0.0
2006-05-18,0.0,0.08444444338480632
2006-05-19,0.0,0.0355555514494578
2006-05-20,0.0,0.0
2006-05-21,0.0,0.02555555436346266
2006-05-22,0.0,0.0
2006-05-23,0.0,0.0
2006-05-24,0.0,0.0
2006-05-25,0.0,0.0
2006-05-26,0.0,0.0
2006-05-27,0.0,0.2911111248864068
2006-05-28,0.0,8.03111097547743
2006-05-29,0.0,0.0
2006-05-30,0.0,0.0
2006-05-31,0.0,0.5555555025736489
2006-06-01,2.0,0.1455555491977268
2006-06-02,0.0,0.0
2006-06-03,0.0,0.0
2006-06-04,0.0,0.0
2006-06-05,0.0,0.0
2006-06-06,0.0,0.0
2006-06-07,0.0,0.0
2006-06-08,0.0,0.0
2006-06-09,0.0,0.0
2006-06-10,0.0,0.20777779155307347
2006-06-11,0.0,0.03666666481229994
2006-06-12,0.0,0.9100000593397352
2006-06-13,0.0,6.8955548604329415
2006-06-14,0.0,0.8844443957010905
2006-06-15,0.0,0.0
2006-06-16,0.0,0.3622222211625841
2006-06-17,0.0,1.4022222095065646
2006-06-18,0.0,2.1088886260986333
2006-06-19,0.0,0.0
2006-06-20,0.0,0.0
2006-06-21,0.0,1.3588890499538846
2006-06-22,0.0,0.014444443914625382
2006-06-23,0.0,0.09111111031638253
2006-06-24,0.0,0.0
2006-06-25,0.0,0.0
2006-06-26,0.0,0.0
2006-06-27,0.0,0.0
2006-06-28,0.0,0.002222222172551685
2006-06-29,0.0,0.0
2006-06-30,0.0,0.0
2006-07-01,1.0,0.00555555522441864
2006-07-02,0.0,0.47111108567979604
2006-07-03,0.4,0.00444444434510337
2006-07-04,0.0,0.0
2006-07-05,0.0,0.03666666481229994
2006-07-06,0.2,1.764444351196289
2006-07-07,0.7,0.38222220208909774
2006-07-08,0.0,5.276666853162976
2006-07-09,25.2,4.344444274902344
2006-07-10,0.0,0.2588888804117839
2006-07-11,1.3,0.8088889651828342
2006-07-12,0.0,0.0
2006-07-13,0.0,0.3566666709052192
2006-07-14,8.0,1.9688888125949435
2006-07-15,0.0,0.19111110104454887
2006-07-16,0.0,0.0
2006-07-17,0.0,0.0
2006-07-18,1.5,2.611110899183485
2006-07-19,21.0,14.685555352105036
2006-07-20,0.0,0.00888888869020674
2006-07-21,1.4,5.586666531032987
2006-07-22,9.0,5.797777387830947
2006-07-23,0.0,0.0
2006-07-24,0.0,3.3177776336669917
2006-07-25,5.2,20.716668023003468
2006-07-26,2.6,0.8966666327582465
2006-07-27,1.7,0.8088888592190213
2006-07-28,0.0,0.02111111084620158
2006-07-29,0.4,38.08111572265625
2006-07-30,25.8,0.0
2006-07-31,69.6,68.61666531032985
2006-08-01,0.0,1.0399999618530271
2006-08-02,0.0,0.0033333332588275275
2006-08-03,9.3,8.651111178927952
2006-08-04,0.0,11.526667277018227
2006-08-05,0.0,0.00444444434510337
2006-08-06,0.0,0.1911111142900255
2006-08-07,0.0,0.01777777738041348
2006-08-08,0.0,0.17222221692403158
2006-08-09,29.0,14.313334147135414
2006-08-10,0.0,0.0011111110862758423
2006-08-11,5.2,7.4633331298828125
2006-08-12,0.0,0.24777777989705405
2006-08-13,0.0,0.0
2006-08-14,0.0,0.20444443490770128
2006-08-15,0.0,0.17333332697550455
2006-08-16,0.0,0.06444444259007771
2006-08-17,0.0,0.9122222264607748
2006-08-18,20.5,13.366666158040367
2006-08-19,0.0,0.0
2006-08-20,0.0,0.0
2006-08-21,0.0,0.1433333290947808
2006-08-22,2.0,7.704444037543403
2006-08-23,0.0,1.5844444698757596
2006-08-24,6.5,11.848889668782554
2006-08-25,0.0,2.5033336215549045
2006-08-26,0.0,1.9222223493787975
2006-08-27,11.3,10.771110534667967
2006-08-28,0.0,0.2944444550408257
2006-08-29,7.0,10.344443427191841
2006-08-30,0.0,0.0
2006-08-31,2.0,0.9044444825914172
2006-09-01,13.5,5.904444800482856
2006-09-02,0.0,0.014444443914625382
2006-09-03,0.0,0.12777777512868246
2006-09-04,9.3,0.061111112435658775
2006-09-05,0.0,6.585555182562934
2006-09-06,0.0,0.0200000007947286
2006-09-07,0.0,0.05111111534966363
2006-09-08,0.0,0.00555555522441864
2006-09-09,0.0,0.0011111110862758423
2006-09-10,0.0,0.0
2006-09-11,1.5,8.565555148654513
2006-09-12,4.5,1.2066665225558808
2006-09-13,2.0,1.4866666793823242
2006-09-14,0.0,0.0
2006-09-15,0.0,1.6477777693006728
2006-09-16,0.0,0.0
2006-09-17,0.0,0.0
2006-09-18,13.0,9.90888892279731
2006-09-19,0.0,0.19222221109602186
2006-09-20,0.0,0.14666665924919975
2006-09-21,0.0,0.4522221883138021
2006-09-22,0.0,0.0
2006-09-23,0.0,0.0
2006-09-24,0.0,0.05777777565850153
2006-09-25,0.0,0.0
2006-09-26,0.0,0.0
2006-09-27,0.0,0.3466666804419624
2006-09-28,0.0,0.19888889789581302
2006-09-29,0.0,0.0
2006-09-30,0.0,0.034444444709353976
2006-10-01,0.0,3.325555589463976
2006-10-02,0.0,0.8855556382073296
2006-10-03,0.0,0.032222221295038864
2006-10-04,0.4,0.0
2006-10-05,0.0,0.0
2006-10-06,0.0,4.530000474717881
2006-10-07,0.0,0.02666666607062022
2006-10-08,0.0,0.0
2006-10-09,0.0,0.0
2006-10-10,0.0,0.0
2006-10-11,0.0,0.0
2006-10-12,0.0,0.0
2006-10-13,0.0,0.0
2006-10-14,0.0,0.0
2006-10-15,0.0,0.0
2006-10-16,0.0,0.0
2006-10-17,0.0,0.0
2006-10-18,0.0,0.0
2006-10-19,0.0,0.0011111110862758423
2006-10-20,0.0,0.00444444434510337
2006-10-21,0.0,0.0
2006-10-22,0.0,0.0
2006-10-23,0.0,0.0
2006-10-24,0.0,0.0
2006-10-25,0.0,0.0
2006-10-26,0.0,0.0
2006-10-27,0.0,0.0
2006-10-28,0.0,0.0
2006-10-29,0.0,0.0
2006-10-30,0.0,0.0
2006-10-31,0.0,0.0
2006-11-01,0.0,0.0
2006-11-02,0.0,0.0
2006-11-03,0.0,0.0
2006-11-04,0.0,0.0
2006-11-05,0.0,0.0
2006-11-06,0.0,0.0
2006-11-07,0.0,0.0
2006-11-08,0.0,0.0
2006-11-09,0.0,0.0
2006-11-10,0.0,0.0
2006-11-11,0.0,0.0
2006-11-12,0.0,0.0
2006-11-13,0.0,0.0
2006-11-14,0.0,0.0
2006-11-15,0.0,0.0
2006-11-16,0.0,0.0
2006-11-17,0.0,0.0
2006-11-18,0.0,0.0
2006-11-19,0.0,0.0
2006-11-20,0.0,0.0
2006-11-21,0.0,0.0
2006-11-22,0.0,0.0
2006-11-23,0.0,0.0
2006-11-24,0.0,0.0
2006-11-25,0.0,0.0
2006-11-26,0.0,0.0
2006-11-27,0.0,0.0
2006-11-28,0.0,0.0
2006-11-29,0.0,0.0
2006-11-30,0.0,0.0
2006-12-01,0.0,0.0
2006-12-02,0.0,0.0
2006-12-03,0.0,0.0
2006-12-04,0.0,0.0
2006-12-05,0.0,0.0
2006-12-06,0.0,0.0
2006-12-07,0.0,0.0
2006-12-08,0.0,0.0
2006-12-09,0.0,0.0
2006-12-10,0.0,0.0
2006-12-11,0.0,0.0
2006-12-12,0.0,0.0
2006-12-13,0.0,0.0
2006-12-14,0.0,0.0
2006-12-15,0.0,0.0
2006-12-16,0.0,0.0
2006-12-17,0.0,0.0
2006-12-18,0.0,0.0
2006-12-19,0.0,0.0
2006-12-20,0.0,0.0
2006-12-21,0.0,0.0
2006-12-22,0.0,0.0
2006-12-23,0.0,0.0
2006-12-24,0.0,0.0
2006-12-25,0.0,0.0
2006-12-26,0.0,0.0
2006-12-27,0.0,0.0
2006-12-28,0.0,0.0
2006-12-29,0.0,0.0
2006-12-30,0.0,0.0
2006-12-31,0.0,0.0
2008-04-28,0.0,0.0
2008-04-29,0.0,2.679999881320529
2008-04-30,0.0,2.180000093248156
2008-05-01,0.0,0.022222222553359136
2008-05-02,0.0,0.0
2008-05-03,0.0,0.0
2008-05-04,0.0,0.0
2008-05-05,0.0,0.0033333332588275275
2008-05-06,0.0,0.0011111110862758423
2008-05-07,0.0,0.0
2008-05-08,0.0,0.0
2008-05-09,0.3,0.011111109620994992
2008-05-10,0.0,0.7799999448988173
2008-05-11,0.0,1.1355556911892362
2008-05-12,0.0,0.0
2008-05-13,0.0,0.0
2008-05-14,0.0,0.0
2008-05-15,0.0,0.0
2008-05-16,0.0,0.0
2008-05-17,0.0,0.09777777724795872
2008-05-18,0.0,0.0
2008-05-19,0.0,0.0
2008-05-20,0.0,0.036666668123669095
2008-05-21,0.0,0.0
2008-05-22,0.0,0.0
2008-05-23,0.0,0.0
2008-05-24,0.0,0.0
2008-05-25,0.0,0.0
2008-05-26,0.0,0.0
2008-05-27,0.0,0.0
2008-05-28,0.0,0.0
2008-05-29,0.0,6.0466664632161455
2008-05-30,5.5,3.3700002034505214
2008-05-31,0.0,0.0
2008-06-01,0.0,0.0
2008-06-02,0.0,0.04222222169240316
2008-06-03,0.0,0.011111109620994992
2008-06-04,0.0,0.0
2008-06-05,0.0,0.0011111110862758423
2008-06-06,0.0,0.0077777769830491795
2008-06-07,0.0,0.0
2008-06-08,0.0,0.0
2008-06-09,0.0,0.0
2008-06-10,0.0,0.0
2008-06-11,0.0,0.0
2008-06-12,0.0,0.2111111217074924
2008-06-13,0.0,0.00666666610373391
2008-06-14,0.0,0.0
2008-06-15,0.0,0.2233333322736952
2008-06-16,0.0,0.0
2008-06-17,0.0,0.0
2008-06-18,6.5,5.625555250379773
2008-06-19,0.0,0.02222222089767456
2008-06-20,0.0,0.002222222172551685
2008-06-21,0.0,0.0
2008-06-22,0.0,0.6577778392367892
2008-06-23,2.5,5.481110890706379
2008-06-24,0.0,0.07444443967607288
2008-06-25,11.6,3.4811113145616317
2008-06-26,0.0,0.0
2008-06-27,0.0,0.0
2008-06-28,12.0,12.13777838812934
2008-06-29,0.0,0.038888888226615057
2008-06-30,0.0,0.06222222248713175
2008-07-01,0.0,0.0
2008-07-02,0.0,6.403333028157553
2008-07-03,0.0,0.0011111110862758423
2008-07-04,4.0,9.691111246744793
2008-07-05,0.0,0.0
2008-07-06,0.0,0.006666666517655055
2008-07-07,0.0,3.9011111789279513
2008-07-08,0.0,0.0
2008-07-09,0.0,0.4033333195580376
2008-07-10,0.0,0.02444444431198968
2008-07-11,12.5,5.042221917046441
2008-07-12,0.0,0.0
2008-07-13,0.0,0.13444444868299696
2008-07-14,4.0,1.9222223493787975
2008-07-15,0.0,0.0
2008-07-16,0.0,3.9144443935818143
2008-07-17,0.0,2.5488889482286243
2008-07-18,0.0,0.9144444995456272
2008-07-19,0.0,0.23666665289137095
2008-07-20,0.0,0.0
2008-07-21,17.4,10.808888753255207
2008-07-22,0.0,0.0
2008-07-23,0.0,0.00888888786236445
2008-07-24,0.0,0.1977777745988634
2008-07-25,0.0,2.6311111450195312
2008-07-26,3.0,0.5122222370571561
2008-07-27,0.0,0.059999995761447475
2008-07-28,0.0,0.01999999748335944
2008-07-29,16.5,21.933334350585934
2008-07-30,0.0,1.037777794731988
2008-07-31,0.0,0.0
2008-08-01,52.3,28.07888963487413
2008-08-02,0.0,0.0
2008-08-03,0.0,0.049999992052714035
2008-08-04,0.0,0.524444474114312
2008-08-05,0.0,0.00999999956952201
2008-08-06,0.7,7.068889194064671
2008-08-07,15.0,0.05555555555555555
2008-08-08,0.0,0.01333333220746782
2008-08-09,0.0,0.1255555682712131
2008-08-10,0.0,0.0011111110862758423
2008-08-11,0.0,0.00888888869020674
2008-08-12,4.0,3.1655555301242404
2008-08-13,17.2,1.4433333079020183
2008-08-14,0.0,0.7577777438693576
2008-08-15,0.0,0.08777777353922528
2008-08-16,0.0,0.029999997880723737
2008-08-17,0.0,0.5299999978807237
2008-08-18,4.6,1.5311110814412434
2008-08-19,0.0,0.5944444338480631
2008-08-20,0.0,0.007777777810891469
2008-08-21,5.5,0.3033333354526096
2008-08-22,9.4,9.329999287923178
2008-08-23,0.0,0.4388888941870796
2008-08-24,0.0,0.5411110983954536
2008-08-25,1.5,11.782223171657984
2008-08-26,20.5,14.586668226453993
2008-08-27,0.0,0.0
2008-08-28,0.0,0.5922222137451172
2008-08-29,0.0,0.0
2008-08-30,0.0,1.053333388434516
2008-08-31,0.9,0.18555553754170734
2008-09-01,0.0,0.030000001192092892
2008-09-02,0.0,0.1422222057978312
2008-09-03,0.0,6.2722218831380205
2008-09-04,0.0,0.8022223048739963
2008-09-05,0.0,0.0
2008-09-06,0.0,0.0
2008-09-07,0.0,0.0
2008-09-08,0.0,0.03666666481229994
2008-09-09,0.0,0.0
2008-09-10,0.0,0.0
2008-09-11,0.0,3.745555453830295
2008-09-12,12.0,3.4311112297905817
2008-09-13,43.3,3.276666429307726
2008-09-14,0.0,0.0
2008-09-15,17.5,21.306666056315105
2008-09-16,0.0,0.02111111084620158
2008-09-17,0.0,0.0033333332588275275
2008-09-18,0.0,0.0
2008-09-19,1.0,3.3122221628824864
2008-09-20,0.0,4.1088888380262585
2008-09-21,0.0,0.0
2008-09-22,0.0,0.0
2008-09-23,0.0,0.023333334260516696
2008-09-24,0.0,0.007777777810891469
2008-09-25,0.0,0.0
2008-09-26,0.0,0.0
2008-09-27,0.0,0.24888888994852698
2008-09-28,0.0,2.77000003390842
2008-09-29,0.0,0.0
2008-09-30,0.0,0.12777777512868246
2008-10-01,0.0,1.037777794731988
2008-10-02,0.0,0.0011111110862758423
2008-10-03,0.0,0.0
2008-10-04,0.0,0.0
2008-10-05,0.0,0.0
2008-10-06,0.0,0.0
2008-10-07,0.0,0.0
2008-10-08,0.0,0.0
2008-10-09,0.0,0.0
2008-10-10,0.0,0.0
2008-10-11,0.0,9.528888278537329
2008-10-12,0.0,0.0922222269905938
2008-10-13,0.0,0.2611110740237766
2008-10-14,0.0,0.0
2008-10-15,0.0,0.0
2008-10-16,0.0,0.0
2008-10-17,0.0,0.0
2008-10-18,0.0,0.0
2008-10-19,0.0,0.0
2008-10-20,0.0,0.14666667249467638
2008-10-21,0.0,0.00444444434510337
2008-10-22,0.0,0.0
2008-10-23,0.0,0.0
2008-10-24,0.0,0.0
2008-10-25,0.0,0.0
2008-10-26,0.0,0.0
2008-10-27,0.0,0.0
2008-10-28,0.0,0.0
2008-10-29,0.0,0.0
2008-10-30,0.0,0.0
2008-10-31,0.0,0.0
2008-11-01,0.0,0.0
2008-11-02,0.0,0.0
2008-11-03,0.0,0.0
2008-11-04,0.0,0.0
2008-11-05,0.0,0.0
2008-11-06,0.0,0.0
2008-11-07,0.0,0.0
2008-11-08,0.0,0.0
2008-11-09,0.0,0.0
2008-11-10,0.0,0.0
2008-11-11,0.0,0.0
2008-11-12,0.0,0.0
2008-11-13,0.0,0.0
2008-11-14,0.0,0.0
2008-11-15,0.0,0.0
2008-11-16,0.0,0.0
2008-11-17,0.0,0.0
2008-11-18,0.0,0.0
2008-11-19,0.0,0.0
2008-11-20,0.0,0.0
2008-11-21,0.0,0.0
2008-11-22,0.0,0.0
2008-11-23,0.0,0.0
2008-11-24,0.0,0.0
2008-11-25,0.0,0.0
2008-11-26,0.0,0.0
2008-11-27,0.0,0.0
2008-11-28,0.0,0.0
2008-11-29,0.0,0.0
2008-11-30,0.0,0.0
2008-12-01,0.0,0.0
2008-12-02,0.0,0.0
2008-12-03,0.0,0.0
2008-12-04,0.0,0.0
2008-12-05,0.0,0.0
2008-12-06,0.0,0.0
2008-12-07,0.0,0.0
2008-12-08,0.0,0.0
2008-12-09,0.0,0.0
2008-12-10,0.0,0.0
2008-12-11,0.0,0.0
2008-12-12,0.0,0.0
2008-12-13,0.0,0.0
2008-12-14,0.0,0.0
2008-12-15,0.0,0.0
2008-12-16,0.0,0.0
2008-12-17,0.0,0.0
2008-12-18,0.0,0.0
2008-12-19,0.0,0.0
2008-12-20,0.0,0.0
2008-12-21,0.0,0.0
2008-12-22,0.0,0.0
2008-12-23,0.0,0.0
2008-12-24,0.0,0.0
2008-12-25,0.0,0.0
2008-12-26,0.0,0.0
2008-12-27,0.0,0.0
2008-12-28,0.0,0.0
2008-12-29,0.0,0.0
2008-12-30,0.0,0.0
2008-12-31,0.0,0.0
2009-05-01,0.0,0.0
2009-05-02,0.0,0.0
2009-05-03,0.0,0.0
2009-05-04,0.0,0.0
2009-05-05,0.0,0.0
2009-05-06,0.0,0.0
2009-05-07,0.0,0.0
2009-05-08,0.0,0.0
2009-05-09,0.0,0.0
2009-05-10,0.0,0.09111111693912084
2009-05-11,0.0,0.3433333502875434
2009-05-12,0.0,0.2922222084469265
2009-05-13,0.0,0.543333371480306
2009-05-14,0.0,0.0
2009-05-15,0.0,0.0
2009-05-16,0.0,0.15222222275204128
2009-05-17,0.0,0.9911111195882162
2009-05-18,0.0,0.0
2009-05-19,0.0,0.0
2009-05-20,0.0,0.0
2009-05-21,0.0,0.0
2009-05-22,0.0,0.0
2009-05-23,0.0,0.00888888786236445
2009-05-24,0.0,0.2311111026340061
2009-05-25,0.0,0.0
2009-05-26,0.0,0.0
2009-05-27,0.0,0.08222222328186035
2009-05-28,0.0,0.0
2009-05-29,0.0,0.0
2009-05-30,0.0,0.0
2009-05-31,0.0,0.0
2009-06-01,0.0,0.0
2009-06-02,0.0,0.0
2009-06-03,0.0,0.4644444253709581
2009-06-04,0.0,0.0
2009-06-05,0.0,0.01111111044883728
2009-06-06,1.0,0.200000007947286
2009-06-07,0.0,0.1633333365122477
2009-06-08,0.0,0.00666666610373391
2009-06-09,0.0,0.0
2009-06-10,0.0,0.0
2009-06-11,0.0,5.016666836208767
2009-06-12,9.0,21.075554741753468
2009-06-13,0.0,0.2444444497426351
2009-06-14,0.0,0.00444444434510337
2009-06-15,0.0,0.0
2009-06-16,0.0,0.0
2009-06-17,0.0,0.0
2009-06-18,0.0,0.0
2009-06-19,0.0,0.15666666295793322
2009-06-20,14.8,20.718889024522568
2009-06-21,0.0,0.012222220500310264
2009-06-22,0.0,0.35555558734469944
2009-06-23,0.0,0.0
2009-06-24,0.0,0.0
2009-06-25,0.0,0.0
2009-06-26,38.5,24.36222330729167
2009-06-27,0.0,0.0
2009-06-28,0.0,0.00444444434510337
2009-06-29,0.0,0.0
2009-06-30,0.0,0.0
2009-07-01,0.0,4.326666514078776
2009-07-02,0.0,0.0
2009-07-03,0.0,0.0
2009-07-04,1.6,1.8499999576144748
2009-07-05,0.0,0.0
2009-07-06,0.0,0.00444444434510337
2009-07-07,0.0,0.30444444550408256
2009-07-08,0.0,2.1199999915228953
2009-07-09,0.0,0.2611110740237766
2009-07-10,0.0,0.002222222172551685
2009-07-11,0.0,0.0
2009-07-12,0.0,0.0
2009-07-13,0.0,0.07444443967607288
2009-07-14,0.0,0.8577778074476454
2009-07-15,0.0,0.0
2009-07-16,3.0,7.956665886773004
2009-07-17,0.0,1.5366666581895616
2009-07-18,0.0,0.052222222089767456
2009-07-19,0.8,2.2633334265814886
2009-07-20,0.0,3.6133333841959634
2009-07-21,0.0,0.023333335916201275
2009-07-22,0.0,0.0
2009-07-23,0.0,0.0
2009-07-24,0.0,4.706666734483506
2009-07-25,0.0,0.603333314259847
2009-07-26,2.5,7.865554809570312
2009-07-27,13.3,6.954444885253906
2009-07-28,6.6,5.245555453830296
2009-07-29,0.0,0.01111111044883728
2009-07-30,0.0,0.0
2009-07-31,4.0,1.35555542839898
2009-08-01,0.0,2.101111094156901
2009-08-02,1.7,1.264444457160102
2009-08-03,0.0,3.8466665479871964
2009-08-04,18.0,0.030000001192092892
2009-08-05,0.0,0.7633332676357694
2009-08-06,20.0,19.234444512261287
2009-08-07,0.0,0.1633333365122477
2009-08-08,0.0,1.5
2009-08-09,0.0,0.016666667328940496
2009-08-10,0.0,1.345555517408583
2009-08-11,0.0,2.745555453830295
2009-08-12,52.0,17.800001356336807
2009-08-13,0.0,0.006666666517655055
2009-08-14,1.7,0.8633333312140571
2009-08-15,0.0,1.0555555555555556
2009-08-16,0.0,0.9244444105360244
2009-08-17,0.0,4.282222323947483
2009-08-18,30.2,5.846666971842447
2009-08-19,0.0,0.0
2009-08-20,0.0,0.0
2009-08-21,0.0,0.006666666517655055
2009-08-22,0.0,3.574444240993924
2009-08-23,2.5,1.7999998728434246
2009-08-24,0.0,0.5944444338480631
2009-08-25,0.0,9.662222120496963
2009-08-26,0.0,0.31444446245829266
2009-08-27,0.0,0.06888888941870795
2009-08-28,6.3,7.060000101725262
2009-08-29,0.0,0.5688888761732314
2009-08-30,0.0,0.0
2009-08-31,0.0,0.0
2009-09-01,30.0,11.351110670301649
2009-09-02,0.0,0.0
2009-09-03,9.0,13.278888278537329
2009-09-04,0.0,0.01999999913904402
2009-09-05,0.0,0.006666666517655055
2009-09-06,2.0,1.2844444910685222
2009-09-07,0.0,0.0
2009-09-08,0.0,0.0
2009-09-09,44.0,23.356667412651912
2009-09-10,0.0,0.8666666878594292
2009-09-11,0.0,2.508888668484158
2009-09-12,0.0,0.00999999956952201
2009-09-13,0.0,0.05333333876397875
2009-09-14,0.0,1.7366665734185114
2009-09-15,9.6,3.5922220018174915
2009-09-16,0.0,0.0
2009-09-17,0.0,0.0
2009-09-18,0.0,0.0
2009-09-19,0.0,0.3222222063276503
2009-09-20,0.0,0.8888888888888888
2009-09-21,0.0,0.0
2009-09-22,0.0,0.0
2009-09-23,0.0,0.0
2009-09-24,0.0,0.0
2009-09-25,5.4,12.704444885253904
2009-09-26,0.0,6.594444274902344
2009-09-27,0.0,0.0
2009-09-28,45.5,23.88888888888889
2009-09-29,0.0,0.0
2009-09-30,0.0,0.2544444402058919
2009-10-01,1.2,5.204444461398655
2009-10-02,0.0,0.0
2009-10-03,0.0,0.0
2009-10-04,0.0,0.0
2009-10-05,0.0,0.0
2009-10-06,0.0,0.0
2009-10-07,0.0,0.0
2009-10-08,0.0,0.0
2009-10-09,0.0,0.0
2009-10-10,0.0,0.0
2009-10-11,0.0,0.0
2009-10-12,0.0,0.0
2009-10-13,0.0,0.0
2009-10-14,0.0,0.04666666520966424
2009-10-15,13.6,2.109999974568685
2009-10-16,0.0,0.0
2009-10-17,0.0,0.0
2009-10-18,0.0,0.0
2009-10-19,0.0,0.0
2009-10-20,0.0,0.0
2009-10-21,0.0,0.0
2009-10-22,0.0,0.07222223281860353
2009-10-23,0.0,0.3933333555857341
2009-10-24,0.0,0.0
2009-10-25,0.0,0.006666666517655055
2009-10-26,0.0,0.0
2009-10-27,0.0,0.0
2009-10-28,0.0,0.0
2009-10-29,0.0,0.0
2009-10-30,0.0,0.07111110952165392
2009-10-31,9.2,3.4155555301242404
2009-11-01,0.0,0.0
2009-11-02,0.0,0.0
2009-11-03,0.0,0.0
2009-11-04,0.0,0.0
2009-11-05,0.0,0.0
2009-11-06,0.0,0.0
2009-11-07,0.0,0.0
2009-11-08,0.0,0.0
2009-11-09,0.0,0.0
2009-11-10,0.0,0.0
2009-11-11,0.0,0.0
2009-11-12,0.0,0.0
2009-11-13,0.0,0.0
2009-11-14,0.0,0.0
2009-11-15,0.0,0.0
2009-11-16,0.0,0.0
2009-11-17,0.0,0.0
2009-11-18,0.0,0.0
2009-11-19,0.0,0.0
2009-11-20,0.0,0.0
2009-11-21,0.0,0.0
2009-11-22,0.0,0.0
2009-11-23,0.0,0.0
2009-11-24,0.0,0.0
2009-11-25,0.0,0.0
2009-11-26,0.0,0.0
2009-11-27,0.0,0.0
2009-11-28,0.0,0.0
2009-11-29,0.0,0.0
2009-11-30,0.0,0.0
2009-12-01,0.0,0.0
2009-12-02,0.0,0.0
2009-12-03,0.0,0.0
2009-12-04,0.0,0.0
2009-12-05,0.0,0.0
2009-12-06,0.0,0.0
2009-12-07,0.0,0.0
2009-12-08,0.0,0.0
2009-12-09,0.0,0.0
2009-12-10,0.0,0.0
2009-12-11,0.0,0.0
2009-12-12,0.0,0.0
2009-12-13,0.0,0.0
2009-12-14,0.0,0.0
2009-12-15,0.0,0.0
2009-12-16,0.0,0.0
2009-12-17,0.0,0.0
2009-12-18,0.0,0.0
2009-12-19,0.0,0.0
2009-12-20,0.0,0.0
2009-12-21,0.0,0.0
2009-12-22,0.0,0.0
2009-12-23,0.0,0.0
2009-12-24,0.0,0.0
2009-12-25,0.0,0.0
2009-12-26,0.0,0.0
2009-12-27,0.0,0.0
2009-12-28,0.0,0.0
2009-12-29,0.0,0.0
2009-12-30,0.0,0.0
2009-12-31,0.0,0.0
2010-05-01,0.0,0.013333331379625531
2010-05-02,0.0,0.05333333214124044
2010-05-03,0.0,0.0
2010-05-04,0.0,0.0
2010-05-05,0.0,0.0
2010-05-06,0.0,0.0
2010-05-07,0.0,0.4844444062974718
2010-05-08,0.0,0.0
2010-05-09,0.0,0.0
2010-05-10,0.0,0.0
2010-05-11,0.0,0.0
2010-05-12,0.0,0.0
2010-05-13,0.0,0.0
2010-05-14,0.0,0.0
2010-05-15,0.0,0.0
2010-05-16,0.0,0.0
2010-05-17,0.0,0.0
2010-05-18,0.0,0.0
2010-05-19,0.0,0.002222222172551685
2010-05-20,0.0,0.021111109190516997
2010-05-21,0.0,0.002222222172551685
2010-05-22,0.0,0.0
2010-05-23,0.0,0.0
2010-05-24,0.0,0.0
2010-05-25,0.0,0.0
2010-05-26,0.0,0.0
2010-05-27,0.0,0.0
2010-05-28,0.0,0.4199999968210856
2010-05-29,1.0,0.5766667260064019
2010-05-30,0.0,0.0
2010-05-31,0.0,0.0
2010-06-01,0.0,0.0
2010-06-02,0.0,0.0
2010-06-03,0.0,0.0033333332588275275
2010-06-04,0.0,0.5199999279446073
2010-06-05,0.0,6.5800001356336795
2010-06-06,0.0,0.0
2010-06-07,0.0,0.0
2010-06-08,0.0,0.0
2010-06-09,0.0,2.4533333248562283
2010-06-10,0.0,0.0
2010-06-11,0.0,0.0
2010-06-12,0.0,0.0
2010-06-13,0.0,0.0
2010-06-14,0.0,0.0855555600590176
2010-06-15,0.0,0.0
2010-06-16,0.0,0.05111111203829447
2010-06-17,0.0,0.212222245004442
2010-06-18,0.0,0.0
2010-06-19,0.0,0.053333335452609584
2010-06-20,9.0,1.3844445546468098
2010-06-21,0.0,0.8044444719950358
2010-06-22,0.0,0.4888888994852702
2010-06-23,0.0,0.0
2010-06-24,0.0,0.1122222211625841
2010-06-25,0.0,0.8577778074476454
2010-06-26,0.0,0.0
2010-06-27,0.0,0.0
2010-06-28,0.0,0.0
2010-06-29,4.2,1.7655554877387152
2010-06-30,0.0,0.0
2010-07-01,0.0,0.0
2010-07-02,38.6,28.717776828342014
2010-07-03,0.0,0.4055555661519368
2010-07-04,0.0,0.0011111110862758423
2010-07-05,0.0,0.35777778095669216
2010-07-06,0.0,0.0
2010-07-07,7.6,0.2266666624281141
2010-07-08,0.0,0.0
2010-07-09,0.0,0.017777779036098056
2010-07-10,0.0,1.0266666412353516
2010-07-11,0.0,1.211111068725586
2010-07-12,0.0,0.0
2010-07-13,0.0,0.0
2010-07-14,6.8,1.221111085679796
2010-07-15,0.0,0.0
2010-07-16,0.0,0.0
2010-07-17,0.0,0.0
2010-07-18,0.0,0.0011111110862758423
2010-07-19,0.0,0.0
2010-07-20,0.0,1.9299998813205292
2010-07-21,20.6,11.181110805935331
2010-07-22,7.3,14.68333265516493
2010-07-23,0.0,0.21222223175896535
2010-07-24,0.0,0.0
2010-07-25,6.3,5.839999728732638
2010-07-26,3.2,4.878888871934678
2010-07-27,10.0,1.1488887998792858
2010-07-28,2.0,1.8744445376926
2010-07-29,0.0,0.08222222328186035
2010-07-30,0.0,1.329999923706055
2010-07-31,0.0,0.9788888295491536
2010-08-01,5.7,1.7322221332126193
2010-08-02,0.0,0.01111111044883728
2010-08-03,0.0,0.08444443676206799
2010-08-04,0.0,0.0
2010-08-05,0.0,0.0
2010-08-06,6.2,2.106666776869032
2010-08-07,19.0,10.171110365125868
2010-08-08,13.2,6.255555046929254
2010-08-09,0.0,0.01333333303531011
2010-08-10,0.0,1.4366665946112738
2010-08-11,0.6,5.4822218153211795
2010-08-12,7.5,8.889999389648438
2010-08-13,1.0,1.9644444783528645
2010-08-14,0.0,0.6522222095065646
2010-08-15,0.0,0.09000000026490954
2010-08-16,0.0,0.26444443066914874
2010-08-17,1.2,0.8466666539510092
2010-08-18,0.0,0.06777777936723497
2010-08-19,0.0,0.0
2010-08-20,0.0,0.26444445716010195
2010-08-21,0.0,0.0
2010-08-22,0.0,0.0
2010-08-23,0.0,0.05666666560702854
2010-08-24,20.0,17.083333333333332
2010-08-25,0.0,0.04888889193534851
2010-08-26,0.0,3.897777981228298
2010-08-27,0.0,0.0
2010-08-28,0.0,6.547777811686197
2010-08-29,15.6,9.682222154405382
2010-08-30,0.0,0.06666666269302368
2010-08-31,8.0,14.791110568576391
2010-09-01,35.4,13.415556165907118
2010-09-02,19.8,2.099999745686849
2010-09-03,0.0,2.5911110772026906
2010-09-04,16.0,12.906667073567707
2010-09-05,0.0,0.4199999968210856
2010-09-06,0.0,0.3066666920979817
2010-09-07,0.0,0.0
2010-09-08,0.0,0.661111036936442
2010-09-09,0.0,0.34999998410542804
2010-09-10,4.0,5.1866667005750875
2010-09-11,0.0,0.0
2010-09-12,0.0,2.1777778201633033
2010-09-13,0.0,1.3622223536173503
2010-09-14,0.0,0.05333333214124044
2010-09-15,5.0,15.973332722981773
2010-09-16,0.0,1.922222137451172
2010-09-17,31.0,8.136666191948784
2010-09-18,14.0,10.849999321831596
2010-09-19,0.0,0.0
2010-09-20,11.0,8.094444274902344
2010-09-21,0.0,0.0
2010-09-22,0.0,0.0
2010-09-23,0.0,0.00666666610373391
2010-09-24,0.0,0.0
2010-09-25,0.0,0.014444442258940803
2010-09-26,0.0,0.2166666719648573
2010-09-27,0.0,3.1855557759602866
2010-09-28,0.0,0.5122222370571561
2010-09-29,0.0,0.0
2010-09-30,0.0,0.0
2010-10-01,0.0,0.0
2010-10-02,0.0,0.6155555513170029
2010-10-03,0.0,0.028888887829250764
2010-10-04,0.0,0.08777778016196358
2010-10-05,0.0,0.5611110793219672
2010-10-06,0.0,0.01333333303531011
2010-10-07,82.0,23.288887871636287
2010-10-08,0.0,0.0033333332588275275
2010-10-09,0.0,0.0
2010-10-10,0.0,0.0
2010-10-11,0.0,0.0
2010-10-12,29.8,13.423333062065973
2010-10-13,0.0,1.7277777989705403
2010-10-14,10.3,19.81999884711372
2010-10-15,0.0,0.0
2010-10-16,0.0,0.0
2010-10-17,0.0,0.0
2010-10-18,0.0,0.0077777769830491795
2010-10-19,0.0,0.0
2010-10-20,0.0,0.6988888846503364
2010-10-21,0.0,0.617777771419949
2010-10-22,0.0,0.0
2010-10-23,0.0,0.0
2010-10-24,0.0,0.0
2010-10-25,0.0,0.0
2010-10-26,0.0,0.0
2010-10-27,0.0,1.2799999448988173
2010-10-28,0.0,0.0
2010-10-29,0.0,0.0
2010-10-30,0.0,0.0
2010-10-31,0.0,0.0
2010-11-01,0.0,0.0
2010-11-02,0.0,0.0
2010-11-03,0.0,0.0
2010-11-04,0.0,0.0
2010-11-05,0.0,0.0
2010-11-06,0.0,0.0
2010-11-07,0.0,0.0
2010-11-08,0.0,0.0
2010-11-09,0.0,0.0
2010-11-10,0.0,0.0
2010-11-11,0.0,0.0
2010-11-12,0.0,0.0
2010-11-13,0.0,0.0
2010-11-14,0.0,0.0
2010-11-15,0.0,0.0
2010-11-16,0.0,0.0
2010-11-17,0.0,0.0
2010-11-18,0.0,0.0
2010-11-19,0.0,0.0
2010-11-20,0.0,0.0
2010-11-21,0.0,0.0
2010-11-22,0.0,0.0
2010-11-23,0.0,0.0
2010-11-24,0.0,0.0
2010-11-25,0.0,0.0
2010-11-26,0.0,0.0
2010-11-27,0.0,0.0
2010-11-28,0.0,0.0
2010-11-29,0.0,0.0
2010-11-30,0.0,0.0
2010-12-01,0.0,0.0
2010-12-02,0.0,0.0
2010-12-03,0.0,0.0
2010-12-04,0.0,0.0
2010-12-05,0.0,0.0
2010-12-06,0.0,0.0
2010-12-07,0.0,0.0
2010-12-08,0.0,0.0
2010-12-09,0.0,0.0
2010-12-10,0.0,0.0
2010-12-11,0.0,0.0
2010-12-12,0.0,0.0
2010-12-13,0.0,0.0
2010-12-14,0.0,0.0
2010-12-15,0.0,0.0
2010-12-16,0.0,0.0
2010-12-17,0.0,0.0
2010-12-18,0.0,0.0
2010-12-19,0.0,0.0
2010-12-20,0.0,0.0
2010-12-21,0.0,0.0
2010-12-22,0.0,0.0
2010-12-23,0.0,0.0
2010-12-24,0.0,0.0
2010-12-25,0.0,0.0
2010-12-26,0.0,0.0
2010-12-27,0.0,0.0
2010-12-28,0.0,0.0
2010-12-29,0.0,0.0
2010-12-30,0.0,0.0
2010-12-31,0.0,0.0
2011-05-01,0.0,0.0
2011-05-02,0.0,0.0
2011-05-03,0.0,0.0
2011-05-04,0.0,0.0
2011-05-05,0.0,0.0
2011-05-06,0.0,0.0
2011-05-07,0.0,0.0
2011-05-08,0.0,0.0
2011-05-09,0.0,0.0
2011-05-10,0.0,0.0
2011-05-11,0.0,0.0
2011-05-12,0.0,0.01777777738041348
2011-05-13,0.0,0.0
2011-05-14,0.0,0.0200000007947286
2011-05-15,0.0,0.0
2011-05-16,0.0,0.0
2011-05-17,0.0,0.0
2011-05-18,0.0,0.0
2011-05-19,0.0,0.0
2011-05-20,0.0,0.3277777565850152
2011-05-21,0.0,0.2866666581895616
2011-05-22,0.0,0.0
2011-05-23,0.0,0.0
2011-05-24,0.0,0.0
2011-05-25,0.0,0.0
2011-05-26,0.0,0.0
2011-05-27,0.0,0.0
2011-05-28,0.0,0.0
2011-05-29,0.0,0.027777777777777776
2011-05-30,0.0,0.1377777655919393
2011-05-31,0.0,0.0
2011-06-01,0.0,0.1911111142900255
2011-06-02,4.0,14.082222832573786
2011-06-03,0.0,4.908888922797309
2011-06-04,0.0,0.5399999618530273
2011-06-05,2.3,2.446666717529297
2011-06-06,0.0,0.08000000317891437
2011-06-07,0.0,1.6255554623074002
2011-06-08,0.0,0.100000003973643
2011-06-09,0.0,0.0
2011-06-10,0.0,0.0
2011-06-11,0.0,0.04888888862397936
2011-06-12,0.0,0.6866667005750868
2011-06-13,0.0,0.06444444259007771
2011-06-14,0.0,0.034444441397984825
2011-06-15,0.0,0.10111110740237766
2011-06-16,0.0,0.00888888869020674
2011-06-17,0.0,0.0
2011-06-18,0.0,0.0
2011-06-19,4.6,6.003333197699653
2011-06-20,0.0,0.11444444126553005
2011-06-21,0.0,0.0
2011-06-22,0.0,0.0
2011-06-23,0.0,0.041111111640930176
2011-06-24,0.0,0.07666666640175714
2011-06-25,0.0,3.8422224256727433
2011-06-26,0.0,4.431111229790582
2011-06-27,0.0,0.0
2011-06-28,0.0,0.12999999523162842
2011-06-29,0.0,0.16111110316382515
2011-06-30,0.0,0.0
2011-07-01,0.0,0.05111110872692532
2011-07-02,4.8,3.179999881320529
2011-07-03,13.0,4.083333333333333
2011-07-04,0.0,0.04444444179534912
2011-07-05,0.0,0.0
2011-07-06,8.0,13.654444376627605
2011-07-07,0.4,1.9688888125949435
2011-07-08,0.0,1.4944445292154949
2011-07-09,17.7,29.27000257703993
2011-07-10,0.0,0.8722222646077474
2011-07-11,0.0,0.0
2011-07-12,0.0,0.0
2011-07-13,0.0,8.90888892279731
2011-07-14,0.0,0.15111109945509169
2011-07-15,5.2,0.0
2011-07-16,0.0,11.638888888888891
2011-07-17,0.0,0.036666668123669095
2011-07-18,11.0,9.664443969726562
2011-07-19,0.0,0.0
2011-07-20,0.0,0.21666668521033394
2011-07-21,0.0,0.0
2011-07-22,0.0,1.4255555470784504
2011-07-23,7.0,2.9911111195882163
2011-07-24,0.0,0.10666666428248088
2011-07-25,5.0,9.675554911295572
2011-07-26,0.0,0.9844444062974718
2011-07-27,0.0,0.022222222553359136
2011-07-28,0.0,0.09222222036785548
2011-07-29,0.0,1.9355555640326605
2011-07-30,51.0,19.26555548773872
2011-07-31,2.5,5.172222137451172
2011-08-01,24.5,17.324445936414932
2011-08-02,0.0,0.0
2011-08-03,0.0,0.0
2011-08-04,0.0,0.0
2011-08-05,1.2,2.705555386013455
2011-08-06,18.2,12.35333251953125
2011-08-07,0.0,0.07555556297302246
2011-08-08,5.0,3.652222527398004
2011-08-09,0.0,0.23666665289137095
2011-08-10,0.0,0.0
2011-08-11,0.0,0.0
2011-08-12,3.7,9.39222208658854
2011-08-13,19.0,7.392222086588543
2011-08-14,0.0,0.11999999152289495
2011-08-15,0.0,18.671112060546875
2011-08-16,0.0,0.0911111036936442
2011-08-17,0.0,0.0200000007947286
2011-08-18,16.0,30.77888997395833
2011-08-19,0.0,0.04222222169240316
2011-08-20,31.2,29.57444593641493
2011-08-21,0.0,0.028888887829250764
2011-08-22,0.0,2.054444419013129
2011-08-23,0.0,0.0
2011-08-24,0.0,0.6277777883741591
2011-08-25,0.4,0.0
2011-08-26,0.0,0.03111111124356588
2011-08-27,0.0,0.15111109945509169
2011-08-28,3.0,8.708888583713106
2011-08-29,0.0,0.1766666571299235
2011-08-30,0.0,0.2233333322736952
2011-08-31,0.0,0.02666666607062022
2011-09-01,0.0,0.0
2011-09-02,0.0,0.09333333041932848
2011-09-03,0.0,0.007777777810891469
2011-09-04,0.0,1.3999999364217122
2011-09-05,1.3,14.608888414171007
2011-09-06,0.0,0.0
2011-09-07,0.0,0.0
2011-09-08,0.0,0.0
2011-09-09,0.0,0.14777778254614934
2011-09-10,0.0,0.016666667328940496
2011-09-11,0.0,0.518888897365994
2011-09-12,0.0,0.2400000095367432
2011-09-13,12.5,12.042222764756945
2011-09-14,3.0,1.923333485921224
2011-09-15,0.0,11.663332621256508
2011-09-16,0.0,0.6522222095065646
2011-09-17,3.0,3.5666664971245665
2011-09-18,0.0,0.0
2011-09-19,0.0,7.052222357855903
2011-09-20,0.0,0.0
2011-09-21,0.0,0.0
2011-09-22,0.0,0.0
2011-09-23,15.5,16.516665988498264
2011-09-24,0.0,0.908888922797309
2011-09-25,0.0,0.0
2011-09-26,0.0,0.0
2011-09-27,6.5,0.027777777777777776
2011-09-28,0.0,0.11777777141994901
2011-09-29,2.0,6.215555826822918
2011-09-30,0.0,0.00444444434510337
2011-10-01,0.0,0.0
2011-10-02,0.0,0.0
2011-10-03,0.0,0.0
2011-10-04,0.0,0.0
2011-10-05,0.0,0.0
2011-10-06,0.0,0.0
2011-10-07,0.0,0.0
2011-10-08,0.0,0.0
2011-10-09,0.0,0.0
2011-10-10,0.0,0.0
2011-10-11,0.0,0.0
2011-10-12,0.0,0.0
2011-10-13,0.0,0.0
2011-10-14,0.0,0.0
2011-10-15,0.0,0.0
2011-10-16,0.0,0.0
2011-10-17,0.0,0.0
2011-10-18,0.0,0.0
2011-10-19,0.0,0.0
2011-10-20,0.0,0.0
2011-10-21,0.0,0.0
2011-10-22,0.0,0.0
2011-10-23,0.0,0.0
2011-10-24,0.0,0.0
2011-10-25,0.0,0.0
2011-10-26,0.0,0.0
2011-10-27,0.0,0.0
2011-10-28,0.0,0.0
2011-10-29,0.0,0.0
2011-10-30,0.0,0.0
2011-10-31,0.0,0.0
2011-11-01,0.0,0.0
2011-11-02,0.0,0.0
2011-11-03,0.0,0.0
2011-11-04,0.0,0.0
2011-11-05,0.0,0.0
2011-11-06,0.0,0.0
2011-11-07,0.0,0.0
2011-11-08,0.0,0.0
2011-11-09,0.0,0.0
2011-11-10,0.0,0.0
2011-11-11,0.0,0.0
2011-11-12,0.0,0.0
2011-11-13,0.0,0.0
2011-11-14,0.0,0.0
2011-11-15,0.0,0.0
2011-11-16,0.0,0.0
2011-11-17,0.0,0.0
2011-11-18,0.0,0.0
2011-11-19,0.0,0.0
2011-11-20,0.0,0.0
2011-11-21,0.0,0.0
2011-11-22,0.0,0.0
2011-11-23,0.0,0.0
2011-11-24,0.0,0.0
2011-11-25,0.0,0.0
2011-11-26,0.0,0.0
2011-11-27,0.0,0.0
2011-11-28,0.0,0.0
2011-11-29,0.0,0.0
2011-11-30,0.0,0.0
2011-12-01,0.0,0.0
2011-12-02,0.0,0.0
2011-12-03,0.0,0.0
2011-12-04,0.0,0.0
2011-12-05,0.0,0.0
2011-12-06,0.0,0.0
2011-12-07,0.0,0.0
2011-12-08,0.0,0.0
2011-12-09,0.0,0.0
2011-12-10,0.0,0.0
2011-12-11,0.0,0.0
2011-12-12,0.0,0.0
2011-12-13,0.0,0.0
2011-12-14,0.0,0.0
2011-12-15,0.0,0.0
2011-12-16,0.0,0.0
2011-12-17,0.0,0.0
2011-12-18,0.0,0.0
2011-12-19,0.0,0.0
2011-12-20,0.0,0.0
2011-12-21,0.0,0.0
2011-12-22,0.0,0.0
2011-12-23,0.0,0.0
2011-12-24,0.0,0.0
2011-12-25,0.0,0.0
2011-12-26,0.0,0.0
2011-12-27,0.0,0.0
2011-12-28,0.0,0.0
2011-12-29,0.0,0.0
2011-12-30,0.0,0.0
2011-12-31,0.0,0.0
2012-05-01,0.0,0.0
2012-05-02,0.0,0.0
2012-05-03,0.0,0.0
2012-05-04,0.0,0.0
2012-05-05,0.0,0.0
2012-05-06,0.0,0.0
2012-05-07,0.0,0.0
2012-05-08,0.0,0.0
2012-05-09,0.0,0.0
2012-05-10,0.0,0.0
2012-05-11,0.0,0.0
2012-05-12,0.0,0.0
2012-05-13,4.0,0.7788889143202041
2012-05-14,0.0,1.4933333926730683
2012-05-15,0.0,0.0
2012-05-16,0.0,0.0
2012-05-17,0.0,0.0
2012-05-18,0.0,0.0
2012-05-19,0.0,0.9833333757188584
2012-05-20,0.0,0.0
2012-05-21,0.0,0.0
2012-05-22,0.0,0.0
2012-05-23,0.0,0.0
2012-05-24,0.0,0.16444442007276747
2012-05-25,0.0,0.015555555621782938
2012-05-26,0.0,0.0
2012-05-27,0.0,0.0
2012-05-28,0.0,0.0
2012-05-29,0.0,0.0
2012-05-30,0.0,0.0
2012-05-31,0.0,0.0
2012-06-01,1.5,0.06666666269302368
2012-06-02,0.0,0.0
2012-06-03,0.0,0.0
2012-06-04,0.0,0.0
2012-06-05,0.0,0.0
2012-06-06,0.0,0.0
2012-06-07,14.0,4.811111026340061
2012-06-08,0.0,20.256668090820312
2012-06-09,0.0,0.09555555052227444
2012-06-10,0.0,0.3733333216773139
2012-06-11,0.0,11.764444139268663
2012-06-12,0.0,2.0633332994249134
2012-06-13,6.5,8.847777472601997
2012-06-14,0.0,0.0
2012-06-15,0.5,1.1833332909478085
2012-06-16,0.0,0.0
2012-06-17,0.0,13.69666544596354
2012-06-18,9.3,1.0222220950656469
2012-06-19,0.0,1.1211111280653212
2012-06-20,0.0,0.0
2012-06-21,0.0,0.1911111142900255
2012-06-22,0.0,0.0
2012-06-23,0.0,0.0
2012-06-24,0.0,4.265555487738715
2012-06-25,0.0,0.0033333332588275275
2012-06-26,0.0,0.0
2012-06-27,0.0,0.8855555322435167
2012-06-28,3.8,12.356666564941404
2012-06-29,0.0,0.0
2012-06-30,0.0,0.0
2012-07-01,1.5,6.2377777099609375
2012-07-02,0.0,0.1499999894036187
2012-07-03,25.3,12.95777808295356
2012-07-04,0.0,1.9877779218885636
2012-07-05,0.0,0.00999999874167972
2012-07-06,0.0,0.0
2012-07-07,21.7,25.202221340603298
2012-07-08,0.0,0.6533333990308974
2012-07-09,0.0,0.2255555523766412
2012-07-10,0.0,2.2388890584309897
2012-07-11,6.2,11.415555318196617
2012-07-12,0.0,1.3866665098402235
2012-07-13,0.0,9.931110805935331
2012-07-14,2.6,0.054444445504082575
2012-07-15,12.0,20.10555691189236
2012-07-16,0.0,0.036666668123669095
2012-07-17,0.0,0.0011111110862758423
2012-07-18,3.7,11.62111155192057
2012-07-19,0.0,1.3255553775363498
2012-07-20,0.0,0.48999998304579
2012-07-21,2.5,5.3477783203125
2012-07-22,11.2,5.9311108059353295
2012-07-23,0.0,0.01888888908757104
2012-07-24,29.0,25.112221611870662
2012-07-25,0.0,1.4833332697550456
2012-07-26,2.4,11.080000983344183
2012-07-27,0.0,0.7299999660915799
2012-07-28,0.0,0.3833333121405708
2012-07-29,0.8,3.2111110687255864
2012-07-30,0.0,0.043333335055245295
2012-07-31,0.0,3.684444851345486
2012-08-01,0.0,0.002222222172551685
2012-08-02,0.0,0.0
2012-08-03,3.6,6.001111348470053
2012-08-04,1.4,11.826667785644533
2012-08-05,0.0,0.0
2012-08-06,0.0,3.5355557335747614
2012-08-07,23.7,28.75777859157986
2012-08-08,0.0,0.02444444431198968
2012-08-09,0.0,0.00888888786236445
2012-08-10,14.0,18.33111233181424
2012-08-11,12.2,11.275555080837671
2012-08-12,0.0,0.725555525885688
2012-08-13,0.0,0.4911111195882161
2012-08-14,40.0,22.098890516493054
2012-08-15,0.0,34.302222357855904
2012-08-16,0.0,0.0
2012-08-17,0.0,0.0
2012-08-18,0.0,0.0
2012-08-19,23.0,3.0388887193467884
2012-08-20,0.0,0.0
2012-08-21,0.0,1.1511110729641385
2012-08-22,0.0,0.11555555131700306
2012-08-23,10.0,16.094443427191838
2012-08-24,0.0,0.4544444084167481
2012-08-25,0.0,1.6333333121405706
2012-08-26,0.0,0.2677777873145209
2012-08-27,8.2,12.185554504394533
2012-08-28,0.0,6.008888668484158
2012-08-29,52.0,38.16888427734375
2012-08-30,0.0,0.8200000127156576
2012-08-31,0.0,0.00444444434510337
2012-09-01,0.0,0.0
2012-09-02,0.0,2.0100000169542103
2012-09-03,6.4,14.547776963975695
2012-09-04,1.4,0.5366666581895616
2012-09-05,0.0,1.83444446987576
2012-09-06,0.0,0.0
2012-09-07,0.0,0.0033333332588275275
2012-09-08,0.0,0.0
2012-09-09,0.0,2.051111221313477
2012-09-10,0.0,0.0
2012-09-11,0.0,10.66999986436632
2012-09-12,0.0,0.047777778572506376
2012-09-13,0.0,0.03555555476082696
2012-09-14,0.0,7.7277781168619795
2012-09-15,0.0,0.038888888226615057
2012-09-16,0.0,1.8277776506212025
2012-09-17,2.3,14.617777506510414
2012-09-18,0.0,0.5
2012-09-19,0.0,4.402222527398004
2012-09-20,0.0,2.3233335283067493
2012-09-21,0.0,0.25
2012-09-22,8.6,11.836666531032984
2012-09-23,0.0,0.0
2012-09-24,0.0,0.0
2012-09-25,0.0,0.00444444434510337
2012-09-26,0.0,0.13000000847710502
2012-09-27,0.0,0.3433333237965901
2012-09-28,0.0,0.0
2012-09-29,2.0,0.0
2012-09-30,0.0,0.0
2012-10-01,0.0,0.11666666136847602
2012-10-02,0.0,0.09444444047080146
2012-10-03,0.0,0.0
2012-10-04,0.0,0.0
2012-10-05,0.0,0.0
2012-10-06,0.0,0.0
2012-10-07,0.0,0.0
2012-10-08,0.0,0.10666667090521917
2012-10-09,0.0,0.0033333332588275275
2012-10-10,0.0,0.0
2012-10-11,0.0,0.0
2012-10-12,0.0,0.0
2012-10-13,0.0,0.0
2012-10-14,0.0,1.5211110644870334
2012-10-15,0.0,0.0
2012-10-16,3.0,0.3955555491977268
2012-10-17,0.0,0.002222222172551685
2012-10-18,0.0,0.0
2012-10-19,0.0,0.0
2012-10-20,0.0,0.0
2012-10-21,0.0,0.08777777353922528
2012-10-22,0.0,0.0
2012-10-23,0.0,0.0
2012-10-24,0.0,0.0
2012-10-25,0.0,0.0
2012-10-26,0.0,0.0
2012-10-27,0.0,0.015555553966098359
2012-10-28,0.0,0.0
2012-10-29,0.0,0.0
2012-10-30,0.0,0.0
2012-10-31,0.0,0.0
2012-11-01,0.0,0.0
2012-11-02,0.0,0.0
2012-11-03,0.0,0.0
2012-11-04,0.0,0.0
2012-11-05,0.0,0.0
2012-11-06,0.0,0.0
2012-11-07,0.0,0.0
2012-11-08,0.0,0.0
2012-11-09,0.0,0.0
2012-11-10,0.0,0.0
2012-11-11,0.0,0.0
2012-11-12,0.0,0.0
2012-11-13,0.0,0.0
2012-11-14,0.0,0.0
2012-11-15,0.0,0.0
2012-11-16,0.0,0.0
2012-11-17,0.0,0.0
2012-11-18,0.0,0.0
2012-11-19,0.0,0.0
2012-11-20,0.0,0.0
2012-11-21,0.0,0.0
2012-11-22,0.0,0.0
2012-11-23,0.0,0.0
2012-11-24,0.0,0.0
2012-11-25,0.0,0.0
2012-11-26,0.0,0.0
2012-11-27,0.0,0.0
2012-11-28,0.0,0.0
2012-11-29,0.0,0.0
2012-11-30,0.0,0.0
2012-12-01,0.0,0.0
2012-12-02,0.0,0.0
2012-12-03,0.0,0.0
2012-12-04,0.0,0.0
2012-12-05,0.0,0.0
2012-12-06,0.0,0.0
2012-12-07,0.0,0.0
2012-12-08,0.0,0.0
2012-12-09,0.0,0.0
2012-12-10,0.0,0.0
2012-12-11,0.0,0.0
2012-12-12,0.0,0.0
2012-12-13,0.0,0.0
2012-12-14,0.0,0.0
2012-12-15,0.0,0.0
2012-12-16,0.0,0.0
2012-12-17,0.0,0.0
2012-12-18,0.0,0.0
2012-12-19,0.0,0.0
2012-12-20,0.0,0.0
2012-12-21,0.0,0.0
2012-12-22,0.0,0.0
2012-12-23,0.0,0.0
2012-12-24,0.0,0.0
2012-12-25,0.0,0.0
2012-12-26,0.0,0.0
2012-12-27,0.0,0.0
2012-12-28,0.0,0.0
2012-12-29,0.0,0.0
2012-12-30,0.0,0.0
2012-12-31,0.0,0.0
2013-04-30,0.0,0.0
2013-05-01,0.0,0.0
2013-05-02,0.0,1.3833332061767578
2013-05-03,0.0,0.05555555555555555
2013-05-04,0.0,0.0
2013-05-05,0.0,0.0
2013-05-06,0.0,0.0
2013-05-07,0.0,0.0
2013-05-08,0.0,0.0
2013-05-09,0.0,0.0
2013-05-10,0.0,0.0
2013-05-11,0.0,0.0
2013-05-12,0.0,0.0033333332588275275
2013-05-13,0.0,0.08888888359069824
2013-05-14,0.0,0.0
2013-05-15,0.0,0.0
2013-05-16,0.0,0.4033333195580376
2013-05-17,0.0,2.3377778795030384
2013-05-18,0.0,0.0
2013-05-19,0.0,0.0
2013-05-20,0.0,0.0
2013-05-21,0.0,0.0
2013-05-22,0.0,0.0
2013-05-23,0.0,0.0
2013-05-24,0.0,0.0
2013-05-25,0.0,0.0
2013-05-26,15.1,2.077777862548828
2013-05-27,0.0,1.9111111958821612
2013-05-28,0.0,0.2244444423251682
2013-05-29,0.0,0.0
2013-05-30,0.0,0.0
2013-05-31,25.3,11.961111280653212
2013-06-01,0.0,0.0
2013-06-02,0.0,0.0
2013-06-03,0.0,0.0
2013-06-04,0.0,0.0
2013-06-05,0.0,0.0
2013-06-06,0.0,0.0
2013-06-07,0.0,0.04333333174387614
2013-06-08,1.6,0.00888888869020674
2013-06-09,0.0,0.02555555436346266
2013-06-10,0.0,0.0
2013-06-11,0.0,0.0
2013-06-12,0.0,0.0
2013-06-13,0.0,0.0011111110862758423
2013-06-14,0.0,0.5622222158643935
2013-06-15,0.0,0.4244444635179308
2013-06-16,0.0,0.4566666815016005
2013-06-17,0.0,0.0
2013-06-18,0.0,0.2155555486679077
2013-06-19,0.0,0.0077777769830491795
2013-06-20,1.1,0.0
2013-06-21,0.0,0.0
2013-06-22,0.0,0.9255556530422636
2013-06-23,0.0,1.1188889609442816
2013-06-24,0.0,0.0
2013-06-25,0.0,0.0
2013-06-26,11.3,13.274443732367622
2013-06-27,5.3,8.309999254014757
2013-06-28,0.0,0.013333333863152398
2013-06-29,18.0,1.105555534362793
2013-06-30,0.0,1.1655555301242404
2013-07-01,0.0,0.0
2013-07-02,0.9,2.995555665757921
2013-07-03,0.0,0.0
2013-07-04,0.0,5.098888821072048
2013-07-05,15.0,34.26555379231771
2013-07-06,0.0,0.12999999523162842
2013-07-07,0.0,5.695555369059246
2013-07-08,0.0,0.26555556721157497
2013-07-09,0.0,0.3933333290947808
2013-07-10,14.2,10.219999525282118
2013-07-11,0.0,0.1377777788374159
2013-07-12,0.0,0.5722222328186035
2013-07-13,0.0,0.014444443914625382
2013-07-14,0.0,0.01222222132815255
2013-07-15,0.0,0.0
2013-07-16,0.0,0.0
2013-07-17,1.2,4.456666734483506
2013-07-18,0.0,0.0
2013-07-19,0.0,0.0
2013-07-20,0.0,8.45111083984375
2013-07-21,0.0,4.161111195882161
2013-07-22,0.0,0.1122222211625841
2013-07-23,0.0,0.0
2013-07-24,24.6,20.942223442925343
2013-07-25,0.0,0.0
2013-07-26,0.0,0.0
2013-07-27,8.0,9.912222968207466
2013-07-28,0.0,1.8688888549804688
2013-07-29,9.0,9.986667209201391
2013-07-30,0.0,0.0
2013-07-31,0.0,2.046666675143772
2013-08-01,0.0,6.377777947319879
2013-08-02,0.0,1.6655555301242404
2013-08-03,0.0,0.4299999607933892
2013-08-04,5.5,2.88555547926161
2013-08-05,8.6,10.346666124131943
2013-08-06,0.0,1.8577779134114585
2013-08-07,0.0,1.5733333163791232
2013-08-08,0.0,0.7888888782925076
2013-08-09,0.0,0.4144444465637207
2013-08-10,0.0,2.2733332316080728
2013-08-11,0.0,0.01333333303531011
2013-08-12,9.0,5.029999627007379
2013-08-13,0.0,1.4144443935818145
2013-08-14,3.5,0.1766666571299235
2013-08-15,26.6,16.711110432942707
2013-08-16,0.0,0.0
2013-08-17,0.0,0.7655555407206217
2013-08-18,0.0,1.106666670905219
2013-08-19,11.0,22.393332587348088
2013-08-20,0.0,0.0
2013-08-21,0.0,1.273333231608073
2013-08-22,0.0,0.01888888908757104
2013-08-23,11.0,5.139999813503689
2013-08-24,0.0,0.0
2013-08-25,23.5,9.503333197699654
2013-08-26,2.3,4.011111365424262
2013-08-27,9.7,14.971111721462671
2013-08-28,0.0,0.0
2013-08-29,4.5,5.1622221204969625
2013-08-30,0.0,0.0
2013-08-31,0.0,0.0
2013-09-01,0.0,1.6466666327582464
2013-09-02,0.0,2.3577777014838324
2013-09-03,0.0,1.2144444783528645
2013-09-04,0.0,4.149999830457899
2013-09-05,5.7,7.475555419921875
2013-09-06,0.0,11.355555216471355
2013-09-07,4.0,0.9777777989705404
2013-09-08,0.0,0.07666665977901882
2013-09-09,0.0,0.4277777936723497
2013-09-10,0.0,0.014444442258940803
2013-09-11,0.0,0.31888887617323136
2013-09-12,0.0,1.2066667344835071
2013-09-13,0.0,0.034444444709353976
2013-09-14,6.5,8.563333299424912
2013-09-15,0.0,0.0
2013-09-16,0.0,0.0
2013-09-17,0.0,3.9911109076605897
2013-09-18,2.2,0.33222222328186035
2013-09-19,0.0,0.0
2013-09-20,3.0,2.5799999237060547
2013-09-21,0.0,3.766666412353516
2013-09-22,0.0,0.0
2013-09-23,0.0,0.0
2013-09-24,16.0,10.075555589463976
2013-09-25,0.0,0.4599999851650662
2013-09-26,0.0,0.0
2013-09-27,0.0,0.0
2013-09-28,0.0,0.06777777936723497
2013-09-29,0.0,0.0
2013-09-30,0.0,0.02666666607062022
2013-10-01,0.0,0.07222222619586521
2013-10-02,0.0,0.0
2013-10-03,0.0,0.0
2013-10-04,0.0,0.0
2013-10-05,3.5,2.7399999830457897
2013-10-06,0.0,0.07444443967607288
2013-10-07,0.0,0.0
2013-10-08,0.0,0.00999999956952201
2013-10-09,0.0,0.02444444431198968
2013-10-10,0.0,4.831111060248482
2013-10-11,0.0,0.0
2013-10-12,0.0,0.0
2013-10-13,0.0,0.0
2013-10-14,0.0,0.0
2013-10-15,0.0,0.0
2013-10-16,0.0,0.0
2013-10-17,0.0,0.0
2013-10-18,0.0,0.0
2013-10-19,0.0,0.0
2013-10-20,0.0,0.0
2013-10-21,0.0,0.0
2013-10-22,0.0,0.0
2013-10-23,0.0,0.0
2013-10-24,0.0,0.0
2013-10-25,0.0,0.0
2013-10-26,0.0,0.0
2013-10-27,0.0,0.0
2013-10-28,0.0,0.0
2013-10-29,0.0,0.0
2013-10-30,0.0,0.007777777810891469
2013-10-31,0.0,0.0
2013-11-01,0.0,0.0
2013-11-02,0.0,0.0
2013-11-03,0.0,0.0
2013-11-04,0.0,0.0
2013-11-05,0.0,0.0
2013-11-06,0.0,0.0
2013-11-07,0.0,0.0
2013-11-08,0.0,0.0
2013-11-09,0.0,0.0
2013-11-10,0.0,0.0
2013-11-11,0.0,0.0
2013-11-12,0.0,0.0
2013-11-13,0.0,0.0
2013-11-14,0.0,0.0
2013-11-15,0.0,0.0
2013-11-16,0.0,0.0
2013-11-17,0.0,0.0
2013-11-18,0.0,0.0
2013-11-19,0.0,0.0
2013-11-20,0.0,0.0
2013-11-21,0.0,0.0
2013-11-22,0.0,0.0
2013-11-23,0.0,0.0
2013-11-24,0.0,0.0
2013-11-25,0.0,0.0
2013-11-26,0.0,0.0
2013-11-27,0.0,0.0
2013-11-28,0.0,0.0
2013-11-29,0.0,0.0
2013-11-30,0.0,0.0
2013-12-01,0.0,0.0
2013-12-02,0.0,0.0
2013-12-03,0.0,0.0
2013-12-04,0.0,0.0
2013-12-05,0.0,0.0
2013-12-06,0.0,0.0
2013-12-07,0.0,0.0
2013-12-08,0.0,0.0
2013-12-09,0.0,0.0
2013-12-10,0.0,0.0
2013-12-11,0.0,0.0
2013-12-12,0.0,0.0
2013-12-13,0.0,0.0
2013-12-14,0.0,0.0
2013-12-15,0.0,0.0
2013-12-16,0.0,0.0
2013-12-17,0.0,0.0
2013-12-18,0.0,0.0
2013-12-19,0.0,0.0
2013-12-20,0.0,0.0
2013-12-21,0.0,0.0
2013-12-22,0.0,0.0
2013-12-23,0.0,0.0
2013-12-24,0.0,0.0
2013-12-25,0.0,0.0
2013-12-26,0.0,0.0
2013-12-27,0.0,0.0
2013-12-28,0.0,0.0
2013-12-29,0.0,0.0
2013-12-30,0.0,0.0
2013-12-31,0.0,0.0
2014-05-01,0.0,0.0
2014-05-02,0.0,0.0
2014-05-03,0.0,0.0
2014-05-04,0.0,0.0
2014-05-05,0.0,0.0
2014-05-06,0.0,0.0
2014-05-07,0.0,0.0
2014-05-08,0.0,0.02555555601914724
2014-05-09,0.0,0.5922222137451172
2014-05-10,1.0,0.15888888306087914
2014-05-11,0.0,0.00999999874167972
2014-05-12,4.6,0.0
2014-05-13,0.0,0.0
2014-05-14,0.0,0.0
2014-05-15,0.0,0.0
2014-05-16,0.0,2.905555725097656
2014-05-17,8.0,0.00444444434510337
2014-05-18,0.0,1.8844445546468096
2014-05-19,0.0,0.5344444910685221
2014-05-20,0.0,0.0
2014-05-21,0.0,0.0
2014-05-22,0.0,0.0
2014-05-23,0.0,0.0
2014-05-24,0.0,0.0
2014-05-25,0.0,0.028888887829250764
2014-05-26,0.0,0.0
2014-05-27,0.0,0.0
2014-05-28,0.0,0.002222222172551685
2014-05-29,0.0,2.0688887702094183
2014-05-30,0.0,0.002222222172551685
2014-05-31,0.0,0.2166666719648573
2014-06-01,0.0,0.030000001192092892
2014-06-02,0.0,0.0077777769830491795
2014-06-03,0.0,0.0
2014-06-04,0.0,0.0
2014-06-05,0.0,0.021111112501886155
2014-06-06,0.0,0.0
2014-06-07,0.0,0.0
2014-06-08,0.0,0.02444444431198968
2014-06-09,0.0,2.7366663614908853
2014-06-10,0.0,0.2177777952618069
2014-06-11,0.0,0.2033333248562283
2014-06-12,9.2,1.1077778074476454
2014-06-13,0.0,0.15111111270056832
2014-06-14,0.0,0.0
2014-06-15,0.0,0.0
2014-06-16,0.0,0.0
2014-06-17,0.0,0.0
2014-06-18,0.0,0.01333333303531011
2014-06-19,0.0,0.0
2014-06-20,0.0,0.0
2014-06-21,0.0,0.0
2014-06-22,0.0,16.734444512261287
2014-06-23,0.0,0.0
2014-06-24,0.0,0.0
2014-06-25,1.0,0.15111109945509169
2014-06-26,0.0,0.010000000397364298
2014-06-27,6.3,9.562222798665363
2014-06-28,0.0,1.8533333672417536
2014-06-29,0.0,0.0
2014-06-30,0.0,0.01222222215599484
2014-07-01,0.0,0.038888888226615057
2014-07-02,0.0,0.18666664759318036
2014-07-03,5.3,2.5033334096272792
2014-07-04,1.5,0.0
2014-07-05,0.0,0.0
2014-07-06,0.0,4.852222018771702
2014-07-07,0.0,0.8366666369967991
2014-07-08,0.0,0.08888889021343654
2014-07-09,5.5,0.06333332591586642
2014-07-10,0.0,0.0
2014-07-11,0.0,0.0
2014-07-12,0.0,0.0
2014-07-13,5.0,5.101110670301648
2014-07-14,0.0,0.4122222264607747
2014-07-15,0.0,0.6777777671813965
2014-07-16,0.0,0.14444445239173045
2014-07-17,0.0,0.8111111323038737
2014-07-18,0.0,0.0033333332588275275
2014-07-19,0.0,0.0
2014-07-20,0.0,0.0
2014-07-21,13.5,5.824444240993923
2014-07-22,0.0,14.436667548285591
2014-07-23,0.0,0.08999999364217122
2014-07-24,0.0,2.4366667005750866
2014-07-25,0.0,0.7222222222222222
2014-07-26,0.0,2.001111136542426
2014-07-27,0.0,0.0
2014-07-28,4.0,2.7566668192545567
2014-07-29,0.0,0.19444444444444445
2014-07-30,7.7,0.8688888549804688
2014-07-31,0.0,0.9877777099609376
2014-08-01,0.0,0.21444443861643472
2014-08-02,26.0,10.762222290039062
2014-08-03,1.7,1.827777862548828
2014-08-04,0.0,0.0
2014-08-05,5.0,8.181110805935331
2014-08-06,0.0,0.0
2014-08-07,0.0,0.0
2014-08-08,6.0,1.0322222179836698
2014-08-09,1.5,1.058888859219021
2014-08-10,0.0,1.0977777904934354
2014-08-11,0.0,0.0
2014-08-12,4.8,12.087777879503038
2014-08-13,0.0,2.566666709052192
2014-08-14,0.0,0.365555551317003
2014-08-15,0.0,5.801110585530598
2014-08-16,32.5,18.82333374023437
2014-08-17,3.3,14.188888549804688
2014-08-18,10.0,0.7311111556159126
2014-08-19,0.0,2.442222171359592
2014-08-20,0.0,0.00444444434510337
2014-08-21,0.0,0.0
2014-08-22,6.3,3.3733334011501737
2014-08-23,1.3,3.1044447157118054
2014-08-24,0.0,0.913333257039388
2014-08-25,0.0,0.0
2014-08-26,0.0,0.0
2014-08-27,0.0,0.0
2014-08-28,0.0,0.0
2014-08-29,0.0,0.0
2014-08-30,0.0,0.5788888931274414
2014-08-31,0.0,0.7955555386013455
2014-09-01,12.8,23.906665378146702
2014-09-02,0.0,2.31555536058214
2014-09-03,0.0,0.0
2014-09-04,0.0,0.00444444434510337
2014-09-05,0.0,5.318888770209418
2014-09-06,0.0,0.2422222296396891
2014-09-07,0.0,0.05555555555555555
2014-09-08,1.5,1.25
2014-09-09,0.0,0.5633332994249132
2014-09-10,0.0,0.0
2014-09-11,0.0,0.11666666136847602
2014-09-12,3.7,6.021111382378472
2014-09-13,0.0,0.0
2014-09-14,0.0,5.978888193766277
2014-09-15,0.0,0.00444444434510337
2014-09-16,7.7,4.613333384195964
2014-09-17,0.0,0.01888888743188646
2014-09-18,0.0,0.450000074174669
2014-09-19,0.0,0.0
2014-09-20,0.0,0.0
2014-09-21,0.0,0.0
2014-09-22,2.0,2.2511109246148004
2014-09-23,0.0,0.006666666517655055
2014-09-24,0.0,0.6155555513170029
2014-09-25,0.0,0.24888888994852698
2014-09-26,27.3,6.011110941569012
2014-09-27,0.0,5.575555589463977
2014-09-28,0.0,0.0
2014-09-29,0.0,0.0
2014-09-30,0.0,0.2033333248562283
2014-10-01,0.0,3.487777921888563
2014-10-02,0.0,3.0988888210720487
2014-10-03,0.0,0.0
2014-10-04,0.0,1.0555555555555556
2014-10-05,0.0,1.1022222306993272
2014-10-06,0.0,0.0
2014-10-07,0.0,0.00444444434510337
2014-10-08,0.0,0.0
2014-10-09,0.0,0.0
2014-10-10,0.0,0.0
2014-10-11,0.0,0.0
2014-10-12,0.0,0.0
2014-10-13,0.0,0.0
2014-10-14,0.0,0.0
2014-10-15,0.0,0.0
2014-10-16,0.0,0.0
2014-10-17,0.0,0.0
2014-10-18,0.0,0.0
2014-10-19,0.0,0.0
2014-10-20,0.0,0.0
2014-10-21,0.0,0.0
2014-10-22,0.0,0.0
2014-10-23,0.0,0.0
2014-10-24,0.0,0.0
2014-10-25,0.0,0.0
2014-10-26,0.0,0.0
2014-10-27,0.0,0.0
2014-10-28,0.0,0.0
2014-10-29,0.0,0.0
2014-10-30,0.0,0.0
2014-10-31,0.0,0.0
2014-11-01,0.0,0.0
2014-11-02,0.0,0.0
2014-11-03,0.0,0.0
2014-11-04,0.0,0.0
2014-11-05,0.0,0.0
2014-11-06,0.0,0.0
2014-11-07,0.0,0.0
2014-11-08,0.0,0.0
2014-11-09,0.0,0.0
2014-11-10,0.0,0.0
2014-11-11,0.0,0.0
2014-11-12,0.0,0.0
2014-11-13,0.0,0.0
2014-11-14,0.0,0.0
2014-11-15,0.0,0.0
2014-11-16,0.0,0.0
2014-11-17,0.0,0.0
2014-11-18,0.0,0.0
2014-11-19,0.0,0.0
2014-11-20,0.0,0.0
2014-11-21,0.0,0.0
2014-11-22,0.0,0.0
2014-11-23,0.0,0.0
2014-11-24,0.0,0.0
2014-11-25,0.0,0.0
2014-11-26,0.0,0.0
2014-11-27,0.0,0.0
2014-11-28,0.0,0.0
2014-11-29,0.0,0.0
2014-11-30,0.0,0.0
2014-12-01,0.0,0.0
2014-12-02,0.0,0.0
2014-12-03,0.0,0.0
2014-12-04,0.0,0.0
2014-12-05,0.0,0.0
2014-12-06,0.0,0.0
2014-12-07,0.0,0.0
2014-12-08,0.0,0.0
2014-12-09,0.0,0.0
2014-12-10,0.0,0.0
2014-12-11,0.0,0.0
2014-12-12,0.0,0.0
2014-12-13,0.0,0.0
2014-12-14,0.0,0.0
2014-12-15,0.0,0.0
2014-12-16,0.0,0.0
2014-12-17,0.0,0.0
2014-12-18,0.0,0.0
2014-12-19,0.0,0.0
2014-12-20,0.0,0.0
2014-12-21,0.0,0.0
2014-12-22,0.0,0.0
2014-12-23,0.0,0.0
2014-12-24,0.0,0.0
2014-12-25,0.0,0.0
2014-12-26,0.0,0.0
2014-12-27,0.0,0.0
2014-12-28,0.0,0.0
2014-12-29,0.0,0.0
2014-12-30,0.0,0.0
2014-12-31,0.0,0.0
2015-05-01,0.0,0.0
2015-05-02,0.0,0.0
2015-05-03,0.0,0.0
2015-05-04,0.0,0.0
2015-05-05,0.0,0.0
2015-05-06,0.0,0.0
2015-05-07,0.0,0.0
2015-05-08,0.0,0.0
2015-05-09,0.0,0.0
2015-05-10,0.0,0.0
2015-05-11,0.0,0.0
2015-05-12,0.0,0.0
2015-05-13,0.0,0.0
2015-05-15,0.0,0.0
2015-05-16,0.0,0.0
2015-05-17,0.0,0.0
2015-05-18,0.0,0.0
2015-05-19,0.0,0.0
2015-05-20,0.0,0.01222222132815255
2015-05-21,7.0,0.0
2015-05-22,0.0,0.0
2015-05-23,0.0,0.0
2015-05-24,0.0,0.0
2015-05-25,0.0,0.0
2015-05-26,0.0,0.0
2015-05-27,0.0,0.0
2015-05-28,0.0,0.0
2015-05-29,0.0,0.0
2015-05-30,0.0,0.0
2015-05-31,0.0,0.0
2015-06-01,0.0,0.14222224553426108
2015-06-02,0.0,0.02555555436346266
2015-06-03,0.0,0.7622222900390625
2015-06-04,0.0,0.0
2015-06-05,0.0,0.0
2015-06-06,0.0,0.0
2015-06-07,0.0,0.0
2015-06-08,0.0,0.0
2015-06-09,0.0,7.438889397515191
2015-06-10,0.0,0.1455555491977268
2015-06-11,0.0,0.0077777769830491795
2015-06-12,0.0,0.0
2015-06-13,0.0,0.0
2015-06-15,0.0,4.242222679985893
2015-06-16,0.0,0.0
2015-06-17,0.0,0.0
2015-06-18,0.0,0.17000001006656226
2015-06-19,1.8,3.3455558353000217
2015-06-20,0.0,0.0
2015-06-21,0.0,0.0
2015-06-22,0.0,2.7633332146538634
2015-06-23,2.0,10.545555962456596
2015-06-24,22.3,6.381111145019531
2015-06-25,0.0,0.0
2015-06-26,0.0,5.812222374810113
2015-06-27,0.0,0.4044444561004639
2015-06-28,0.0,0.6144444677564833
2015-06-29,0.0,0.5500000317891439
2015-06-30,0.0,0.5511111153496636
2015-07-01,0.0,0.6611110899183485
2015-07-02,2.6,0.0
2015-07-03,0.0,0.0
2015-07-04,0.0,0.2588888804117839
2015-07-05,16.7,19.927778455946182
2015-07-06,0.0,0.014444443914625382
2015-07-07,0.0,1.3400000466240778
2015-07-08,0.0,0.4966666433546279
2015-07-09,5.0,3.997777726915148
2015-07-10,0.0,0.027777777777777776
2015-07-11,0.0,0.16111111640930176
2015-07-12,28.5,16.158888075086807
2015-07-13,3.0,1.6800000932481554
2015-07-15,0.0,8.364444308810763
2015-07-16,0.0,0.0
2015-07-17,0.0,0.0033333332588275275
2015-07-18,1.3,6.238889058430988
2015-07-19,0.0,0.0011111110862758423
2015-07-20,0.0,3.0877778795030384
2015-07-21,0.0,0.3633333312140571
2015-07-22,0.0,0.4022222095065647
2015-07-23,0.0,0.0
2015-07-24,24.8,25.412221272786454
2015-07-25,0.0,4.073333316379124
2015-07-26,4.2,12.313334147135414
2015-07-27,0.0,10.345555623372396
2015-07-28,0.0,0.5122221840752496
2015-07-29,0.0,0.0
2015-07-30,0.0,2.0077777438693576
2015-07-31,0.0,0.7200000021192763
2015-08-01,0.0,0.0
2015-08-02,38.0,9.231110466851128
2015-08-03,0.0,0.034444444709353976
2015-08-04,2.5,2.9144443935818143
2015-08-05,55.6,5.834444681803387
2015-08-06,0.0,2.254444334242079
2015-08-07,0.0,5.180000305175781
2015-08-08,0.0,0.20444442166222465
2015-08-09,8.5,1.6633334689670138
2015-08-10,0.0,18.122222900390625
2015-08-11,0.0,0.05555555555555555
2015-08-12,0.0,0.0
2015-08-13,0.0,2.7399999830457897
2015-08-15,0.0,0.0
2015-08-16,0.0,0.01888888908757104
2015-08-17,15.0,39.0111083984375
2015-08-18,0.0,1.8444444868299696
2015-08-19,3.6,1.5700000127156577
2015-08-20,0.0,0.4911111195882161
2015-08-21,3.0,29.21555582682292
2015-08-22,0.0,0.015555555621782938
2015-08-23,0.0,0.06777777274449666
2015-08-24,0.0,0.22111111217074925
2015-08-25,13.0,4.6588884989420585
2015-08-26,0.0,2.0733335283067493
2015-08-27,0.0,2.0255552927652998
2015-08-28,0.0,0.20777776506212026
2015-08-29,24.5,12.915554470486109
2015-08-30,0.7,0.524444474114312
2015-08-31,0.0,0.0
2015-09-01,21.0,37.964443630642364
2015-09-02,0.0,4.7322222391764335
2015-09-03,7.3,9.855555216471354
2015-09-04,0.0,0.010000000397364298
2015-09-05,0.0,0.002222222172551685
2015-09-06,0.0,0.8755555152893066
2015-09-07,0.0,0.04333333174387614
2015-09-08,0.0,1.1055556403266058
2015-09-09,0.0,0.060000002384185784
2015-09-10,0.0,0.0
2015-09-11,0.0,0.00444444434510337
2015-09-12,1.7,0.3699999650319417
2015-09-13,0.0,0.0
2015-09-15,12.6,3.0600001017252603
2015-09-16,0.0,3.213333341810438
2015-09-17,4.8,3.6155556572808165
2015-09-18,0.0,0.4177777767181397
2015-09-19,13.4,19.096666124131943
2015-09-20,0.0,7.437778049045138
2015-09-21,0.0,0.0
2015-09-22,0.0,0.0
2015-09-23,0.0,0.0
2015-09-24,0.0,0.09222222036785548
2015-09-25,0.0,0.08444444338480632
2015-09-26,0.0,8.506666395399305
2015-09-27,0.0,0.09444444709353976
2015-09-28,0.0,0.0
2015-09-29,0.0,0.0
2015-09-30,0.0,0.0
2015-10-01,0.0,0.0
2015-10-02,0.0,0.0
2015-10-03,2.3,0.0
2015-10-04,0.0,0.0
2015-10-05,0.0,0.0
2015-10-06,0.0,0.0
2015-10-07,0.0,0.0
2015-10-08,0.0,0.0
2015-10-09,0.0,0.0
2015-10-10,0.0,11.15555657280816
2015-10-11,0.0,0.00444444434510337
2015-10-12,0.0,0.894444465637207
2015-10-13,0.0,0.0
2015-10-15,0.0,0.0
2015-10-16,0.0,0.0
2015-10-17,0.9,0.06444444259007771
2015-10-18,0.0,1.1077778074476454
2015-10-19,0.0,0.040000001589457185
2015-10-20,0.0,0.0
2015-10-21,0.0,0.0
2015-10-22,0.0,0.0
2015-10-23,0.0,0.0
2015-10-24,0.0,0.0
2015-10-25,0.0,0.0
2015-10-26,0.0,0.0
2015-10-27,0.0,0.0
2015-10-28,0.0,0.0244444426563051
2015-10-29,0.0,0.0
2015-10-30,0.0,0.0
2015-10-31,0.0,0.0
2015-11-01,0.0,0.0
2015-11-02,0.0,0.0
2015-11-03,0.0,0.0
2015-11-04,0.0,0.0
2015-11-05,0.0,0.0
2015-11-06,0.0,0.0
2015-11-07,0.0,0.0
2015-11-08,0.0,0.0
2015-11-09,0.0,0.0
2015-11-10,0.0,0.0
2015-11-11,0.0,0.0
2015-11-12,0.0,0.0
2015-11-13,0.0,0.0
2015-11-15,0.0,0.0
2015-11-16,0.0,0.0
2015-11-17,0.0,0.0
2015-11-18,0.0,0.0
2015-11-19,0.0,0.0
2015-11-20,0.0,0.0
2015-11-21,0.0,0.0
2015-11-22,0.0,0.0
2015-11-23,0.0,0.0
2015-11-24,0.0,0.0
2015-11-25,0.0,0.0
2015-11-26,0.0,0.0
2015-11-27,0.0,0.0
2015-11-28,0.0,0.0
2015-11-29,0.0,0.0
2015-11-30,0.0,0.0
2015-12-01,0.0,0.0
2015-12-02,0.0,0.0
2015-12-03,0.0,0.0
2015-12-04,0.0,0.0
2015-12-05,0.0,0.0
2015-12-06,0.0,0.0
2015-12-07,0.0,0.0
2015-12-08,0.0,0.0
2015-12-09,0.0,0.0
2015-12-10,0.0,0.0
2015-12-11,0.0,0.0
2015-12-12,0.0,0.0
2015-12-13,0.0,0.0
2015-12-15,0.0,0.0
2015-12-16,0.0,0.0
2015-12-17,0.0,0.0
2015-12-18,0.0,0.0
2015-12-19,0.0,0.0
2015-12-20,0.0,0.0
2015-12-21,0.0,0.0
2015-12-22,0.0,0.0
2015-12-23,0.0,0.0
2015-12-24,0.0,0.0
2015-12-25,0.0,0.0
2015-12-26,0.0,0.0
2015-12-27,0.0,0.0
2015-12-28,0.0,0.0
2015-12-29,0.0,0.0
2015-12-30,0.0,0.0
2015-12-31,0.0,0.0
2016-05-01,0.0,0.0
2016-05-02,0.0,0.0
2016-05-03,0.0,0.0
2016-05-04,0.0,0.0
2016-05-05,0.0,0.014444443914625382
2016-05-06,0.0,0.5522221989101834
2016-05-07,0.0,0.0
2016-05-08,0.0,0.0
2016-05-09,0.0,0.0
2016-05-10,0.0,0.0
2016-05-11,0.0,0.0
2016-05-12,0.0,0.0
2016-05-13,0.0,0.0
2016-05-14,0.0,3.008888668484158
2016-05-15,0.0,0.0
2016-05-16,0.0,0.0
2016-05-17,0.0,0.0
2016-05-18,0.0,0.0
2016-05-19,0.0,0.6988888846503364
2016-05-20,0.0,0.366666661368476
2016-05-21,0.0,0.0
2016-05-22,0.0,0.0
2016-05-23,0.0,0.0
2016-05-24,0.0,0.00444444434510337
2016-05-25,0.0,0.6133333312140571
2016-05-26,0.0,0.26000001695421004
2016-05-27,0.0,0.0
2016-05-28,0.0,0.045555555158191256
2016-05-29,0.0,0.0
2016-05-30,0.0,0.0
2016-05-31,0.0,0.0
2016-06-01,0.0,0.0
2016-06-02,0.0,0.0
2016-06-03,7.8,3.3099998897976346
2016-06-04,19.0,10.07555643717448
2016-06-05,0.0,0.2233333322736952
2016-06-06,0.0,0.0
2016-06-07,0.0,0.0
2016-06-08,0.0,0.0
2016-06-09,0.0,0.8011111153496636
2016-06-10,0.0,0.029999997880723737
2016-06-11,0.0,0.0
2016-06-12,15.0,13.647777133517794
2016-06-13,0.0,6.648888481987847
2016-06-14,0.0,0.10222221745385064
2016-06-15,0.0,4.736666361490887
2016-06-16,0.0,0.1977777745988634
2016-06-17,0.0,0.0
2016-06-18,0.0,0.0
2016-06-19,0.0,0.0
2016-06-20,0.0,0.0033333332588275275
2016-06-21,0.0,0.0
2016-06-22,0.0,1.28000005086263
2016-06-23,0.0,0.002222222172551685
2016-06-24,0.0,4.811110602484809
2016-06-25,0.0,0.0
2016-06-26,20.3,21.254447089301213
2016-06-27,0.0,0.0
2016-06-28,0.0,0.03555555476082696
2016-06-29,0.0,18.198888142903645
2016-06-30,0.0,0.0
2016-07-01,6.8,7.101110670301648
2016-07-02,0.0,0.0
2016-07-03,2.5,2.2677777608235683
2016-07-04,0.0,0.01777777738041348
2016-07-05,0.0,0.1055555476082696
2016-07-06,0.0,0.03333333134651184
2016-07-07,0.0,0.01999999913904402
2016-07-08,0.0,0.0
2016-07-09,0.0,0.0
2016-07-10,0.0,0.02111111084620158
2016-07-11,0.0,3.6400002373589415
2016-07-12,0.0,0.663333363003201
2016-07-13,39.4,15.02222188313802
2016-07-14,0.0,0.3288888931274414
2016-07-15,0.0,0.021111112501886155
2016-07-16,16.0,8.473333570692274
2016-07-17,0.0,11.693333943684895
2016-07-18,3.3,15.067777845594618
2016-07-19,0.0,1.6377778583102756
2016-07-20,2.2,3.9033334520128036
2016-07-21,0.0,1.4066667556762695
2016-07-22,0.0,0.0
2016-07-23,33.5,15.893334282769096
2016-07-24,0.0,1.6888888676961262
2016-07-25,0.0,3.666666242811415
2016-07-26,0.0,0.9544443554348416
2016-07-27,22.0,31.35222371419271
2016-07-28,0.0,3.073333316379123
2016-07-29,0.0,0.016666667328940496
2016-07-30,0.0,8.0977783203125
2016-07-31,0.0,1.1233332951863606
2016-08-01,0.0,0.0
2016-08-02,27.0,11.546667310926649
2016-08-03,0.0,1.3311110602484808
2016-08-04,0.0,0.8733332951863607
2016-08-05,0.0,0.023333334260516696
2016-08-06,0.0,1.1833332909478085
2016-08-07,0.0,0.0
2016-08-08,0.0,3.1711110009087458
2016-08-09,3.0,4.702222188313802
2016-08-10,5.5,10.434444003634985
2016-08-11,0.0,0.08888888359069824
2016-08-12,11.5,10.812221950954859
2016-08-13,0.0,0.0922222137451172
2016-08-14,11.4,1.8144444359673395
2016-08-15,0.0,1.8744443257649737
2016-08-16,15.8,21.718889024522568
2016-08-17,0.0,0.5811111662122939
2016-08-18,0.0,2.073333104451497
2016-08-19,0.0,0.617777771419949
2016-08-20,0.0,0.3777777883741591
2016-08-21,0.0,10.284445020887588
2016-08-22,0.0,0.0
2016-08-23,15.3,3.4577778710259333
2016-08-24,0.0,0.5766666730244955
2016-08-25,7.0,10.06666734483507
2016-08-26,22.7,3.051111009385851
2016-08-27,24.8,17.772223578559032
2016-08-28,0.0,1.0599999957614474
2016-08-29,0.0,2.583333121405708
2016-08-30,0.0,3.0144443511962886
2016-08-31,1.4,14.067777845594618
2016-09-01,0.0,1.2866667641533749
2016-09-02,0.0,0.8911111619737413
2016-09-03,0.0,0.05111110872692532
2016-09-04,0.0,1.3555556403266058
2016-09-05,0.0,0.0
2016-09-06,0.0,1.8788888719346788
2016-09-07,0.0,0.07777777645323011
2016-09-08,0.0,2.2188888125949435
2016-09-09,0.0,1.8199999067518449
2016-09-10,8.0,1.9111109839545355
2016-09-11,0.0,2.2144444783528647
2016-09-12,0.0,3.5277777777777777
2016-09-13,0.0,1.0122221840752497
2016-09-14,0.0,0.3888888888888889
2016-09-15,1.3,0.7844443851047092
2016-09-16,0.0,0.0
2016-09-17,0.0,0.027777777777777776
2016-09-18,0.0,0.07333333624733819
2016-09-19,0.0,0.0
2016-09-20,11.0,1.6855556699964735
2016-09-21,0.0,10.432222154405382
2016-09-22,0.0,1.5888890160454645
2016-09-23,0.0,0.0
2016-09-24,0.0,0.0
2016-09-25,0.0,0.2733333375718858
2016-09-26,0.0,0.07333332962459987
2016-09-27,0.0,0.0
2016-09-28,0.0,0.0
2016-09-29,0.0,0.212222245004442
2016-09-30,0.0,0.5544444719950358
2016-10-01,0.0,0.0
2016-10-02,0.0,0.0
2016-10-03,0.0,0.00999999956952201
2016-10-04,0.0,0.0
2016-10-05,0.0,0.0
2016-10-06,0.0,0.19333333439297146
2016-10-07,0.0,0.0
2016-10-08,0.0,0.0
2016-10-09,0.0,0.0
2016-10-10,0.0,0.0
2016-10-11,0.0,0.0
2016-10-12,0.0,0.0
2016-10-13,0.0,0.0
2016-10-14,0.0,0.8677777184380425
2016-10-15,0.0,0.0
2016-10-16,0.0,0.0
2016-10-17,0.0,0.0
2016-10-18,0.0,0.0
2016-10-19,0.0,0.2511111365424262
2016-10-20,0.0,0.2244444423251682
2016-10-21,0.0,0.0
2016-10-22,0.0,0.0
2016-10-23,0.0,0.0
2016-10-24,0.0,0.0
2016-10-25,0.0,0.0
2016-10-26,0.0,0.0
2016-10-27,0.0,0.0
2016-10-28,0.0,0.0
2016-10-29,0.0,0.0
2016-10-30,0.0,0.0
2016-10-31,0.0,0.0
2016-11-01,0.0,0.0
2016-11-02,0.0,0.0
2016-11-03,0.0,0.0
2016-11-04,0.0,0.0
2016-11-05,0.0,0.0
2016-11-06,0.0,0.0
2016-11-07,0.0,0.0
2016-11-08,0.0,0.0
2016-11-09,0.0,0.0
2016-11-10,0.0,0.0
2016-11-11,0.0,0.0
2016-11-12,0.0,0.0
2016-11-13,0.0,0.0
2016-11-14,0.0,0.0
2016-11-15,0.0,0.0
2016-11-16,0.0,0.0
2016-11-17,0.0,0.0
2016-11-18,0.0,0.0
2016-11-19,0.0,0.0
2016-11-20,0.0,0.0
2016-11-21,0.0,0.0
2016-11-22,0.0,0.0
2016-11-23,0.0,0.0
2016-11-24,0.0,0.0
2016-11-25,0.0,0.0
2016-11-26,0.0,0.0
2016-11-27,0.0,0.0
2016-11-28,0.0,0.0
2016-11-29,0.0,0.0
2016-11-30,0.0,0.0
2016-12-01,0.0,0.0
2016-12-02,0.0,0.0
2016-12-03,0.0,0.0
2016-12-04,0.0,0.0
2016-12-05,0.0,0.0
2016-12-06,0.0,0.0
2016-12-07,0.0,0.0
2016-12-08,0.0,0.0
2016-12-09,0.0,0.0
2016-12-10,0.0,0.0
2016-12-11,0.0,0.0
2016-12-12,0.0,0.1588888963063558
2016-12-13,0.0,0.0
2016-12-14,0.0,0.0
2016-12-15,0.0,0.0
2016-12-16,0.0,0.0
2016-12-17,0.0,0.0
2016-12-18,0.0,0.0
2016-12-19,0.0,0.0
2016-12-20,0.0,0.0
2016-12-21,0.0,0.0
2016-12-22,0.0,0.0
2016-12-23,0.0,0.0
2016-12-24,0.0,0.0
2016-12-25,0.0,0.0
2016-12-26,0.0,0.0
2016-12-27,0.0,0.0
2016-12-28,0.0,0.0
2016-12-29,0.0,0.0
2016-12-30,0.0,0.0
2016-12-31,0.0,0.0
